transaction_amount,account_age_days,previous_transactions,failed_transactions,transaction_hour,is_international,device_change,is_fraud
15895,718,74,6,9,1,1,1
960,339,30,7,17,0,0,0
76920,659,32,8,11,1,1,1
54986,962,77,1,21,1,1,1
6365,429,79,0,15,1,1,1
82486,899,10,3,22,1,0,1
37294,139,32,4,5,1,0,0
87598,542,6,9,23,1,0,1
44231,2105,30,0,23,1,0,0
60363,1256,47,4,20,0,1,0
16123,2483,46,5,23,1,1,1
41190,384,77,2,9,1,1,1
67321,194,91,6,14,1,0,1
64920,2233,52,5,8,1,1,1
869,1896,79,3,23,0,1,0
59835,2340,18,2,1,0,1,0
63055,732,80,4,17,1,0,0
65025,2164,89,2,11,1,0,0
68069,685,5,9,2,0,1,1
5411,82,48,8,6,0,0,0
83204,2381,72,8,8,0,0,1
53807,2383,49,5,7,1,1,1
85405,532,80,5,5,0,1,1
28793,1984,94,3,0,0,0,0
72032,221,11,3,13,1,0,1
93116,635,22,1,15,1,1,1
25758,1770,53,9,15,1,1,1
84578,2371,68,3,3,0,1,1
18531,1875,99,7,5,0,1,1
2847,3,58,9,14,0,1,1
59250,1718,35,1,21,0,1,0
65825,206,2,8,7,1,1,1
84754,1856,57,0,0,0,0,0
35873,40,87,1,12,1,0,0
67535,2107,54,1,17,0,1,0
56986,644,56,5,17,0,0,0
66903,1531,16,6,12,0,0,0
31651,1908,38,2,21,1,1,1
11494,2144,89,8,13,0,1,1
69192,898,67,4,10,1,1,1
3990,1086,54,4,6,1,0,0
41706,1280,44,3,17,1,1,1
96376,2396,75,8,20,1,1,1
80138,671,0,7,21,0,0,1
87413,1506,20,3,3,0,1,1
10727,2365,82,3,16,1,0,0
8892,719,20,1,18,1,0,0
74069,1072,51,8,13,0,1,1
43101,1956,81,2,9,0,1,0
76652,1160,42,3,5,1,1,1
23997,250,51,6,17,0,0,0
68248,2362,66,9,3,0,1,1
23583,1893,43,7,10,0,0,0
48655,1854,31,7,12,1,1,1
17259,1504,9,3,7,1,1,1
80177,1235,63,6,9,1,1,1
36020,44,78,9,22,1,1,1
92167,583,68,0,10,1,0,1
67221,1289,67,5,2,0,1,1
69579,220,27,5,14,0,1,1
89575,1926,52,5,7,0,1,1
19557,2449,50,1,19,1,1,1
66657,991,52,7,17,0,0,0
77289,1813,3,4,20,1,0,1
79053,858,78,4,0,1,1,1
53095,804,16,1,23,1,0,0
40857,490,66,3,7,1,1,1
9792,1781,73,8,2,1,0,1
45858,1494,46,8,0,1,1,1
72509,1706,55,5,19,0,0,1
71311,2315,22,8,15,1,0,1
65797,54,17,3,8,0,0,0
37165,616,0,0,16,1,0,0
92193,1083,34,1,15,0,0,0
99399,1849,63,0,22,1,1,1
32706,955,57,7,5,1,0,1
11634,2434,94,8,22,0,1,1
94763,1630,58,9,6,1,1,1
40497,650,0,5,23,1,1,1
91487,2348,2,1,15,0,1,1
1116,395,66,5,7,0,1,1
89889,1360,36,8,9,1,1,1
55691,2444,82,2,13,0,1,0
89912,371,28,8,10,0,1,1
23347,858,88,1,1,1,1,1
24400,791,32,4,11,0,1,0
74165,658,99,1,19,1,1,1
82898,1393,60,6,19,0,0,1
9368,384,92,9,12,1,1,1
86907,2110,89,8,14,1,1,1
12285,239,3,6,11,1,1,1
63804,195,13,4,12,0,0,0
86879,2109,90,3,7,1,0,1
39199,1153,32,3,15,0,1,0
8671,2016,21,9,2,1,0,1
38144,156,47,7,12,1,0,1
51314,923,2,9,11,1,1,1
61328,1610,86,9,18,0,1,1
49084,975,84,9,1,1,0,1
40874,1231,22,9,0,1,0,1
2668,2436,67,9,7,0,1,1
62692,1815,20,0,8,1,1,1
67663,838,42,4,7,1,1,1
2795,2008,94,1,20,0,1,0
48290,1364,84,8,16,0,1,1
5358,2388,25,6,8,0,1,1
87638,204,40,9,5,1,0,1
39604,161,98,7,14,0,1,1
33259,392,37,5,22,1,1,1
14086,769,87,8,23,1,0,1
61958,1094,10,5,12,0,1,1
12766,405,28,6,20,0,1,1
38760,608,59,6,21,1,0,1
3661,1615,66,8,11,0,0,0
26954,1541,64,7,12,0,1,1
64605,1838,60,0,6,1,0,0
52351,690,18,3,22,0,1,0
22762,1241,45,6,17,0,1,1
8492,2104,48,7,13,0,0,0
30635,366,21,6,10,1,1,1
78703,1723,77,2,13,0,1,1
52356,455,56,3,16,0,1,0
89235,104,13,6,23,1,1,1
35322,77,43,7,20,1,0,1
77473,230,15,6,1,1,0,1
79675,1938,96,5,18,1,1,1
96454,2379,76,8,15,0,1,1
84751,1206,11,8,21,1,1,1
63435,893,54,6,9,1,1,1
11065,1574,50,7,21,0,1,1
24638,2075,38,5,7,1,0,1
70692,1676,32,0,20,1,0,1
98118,299,32,0,4,0,0,0
8210,957,28,5,6,1,1,1
79409,1115,68,1,12,1,1,1
27366,1475,69,7,15,0,1,1
53092,365,30,0,4,0,0,0
83048,1699,79,1,15,0,1,1
98906,351,30,7,14,0,0,1
7010,2301,88,5,8,0,1,1
91082,1905,45,9,21,0,1,1
306,1012,96,1,22,0,1,0
87154,499,76,1,11,0,1,1
87997,950,51,6,7,0,0,1
23519,1995,9,4,12,0,1,0
50736,2047,87,4,4,0,1,0
50115,508,73,7,13,0,0,0
54368,1328,40,6,15,1,0,1
88039,166,94,8,10,0,0,1
18241,920,76,3,19,0,1,0
80456,114,2,9,11,0,1,1
72010,992,58,3,14,0,1,1
56144,1952,51,1,23,0,1,0
67314,2255,33,2,11,1,0,0
33927,1259,48,0,8,1,0,0
55920,515,27,0,0,1,0,0
62723,1232,82,6,2,1,0,1
81834,709,86,4,11,0,0,0
75550,2186,95,2,19,1,1,1
93526,339,12,6,12,1,1,1
22399,68,96,1,22,0,1,0
43685,1597,97,2,5,1,0,0
64144,1565,96,0,9,1,0,0
42657,383,68,7,9,0,1,1
49180,19,66,1,15,0,1,1
2793,2122,60,6,0,1,1,1
95103,573,59,8,15,0,1,1
95359,1300,70,5,3,1,1,1
69263,2259,23,1,5,0,1,0
26039,1944,62,1,18,1,0,0
49025,651,85,8,1,1,1,1
43041,1646,60,9,17,1,0,1
21934,994,22,7,9,0,1,1
18147,1339,29,8,3,0,0,0
26205,901,59,3,0,1,0,0
75866,1685,17,3,14,0,0,0
15807,1586,95,1,9,0,1,0
22076,1924,55,9,17,1,1,1
44362,1782,52,0,15,0,1,0
23876,1137,6,9,12,0,1,1
30180,2218,96,3,14,1,0,0
66942,1945,68,9,1,1,1,1
61473,1038,91,9,19,0,1,1
6876,1739,71,7,3,0,1,1
92887,288,78,1,0,0,0,0
55116,2237,51,7,6,1,0,1
9574,1591,3,0,22,0,1,0
58153,1746,33,0,10,0,1,0
22059,1099,68,3,9,0,1,0
5630,2325,32,6,0,0,1,1
94956,940,68,8,10,0,0,1
3848,1449,37,4,23,0,1,0
97604,571,97,1,9,1,1,1
98198,1001,25,6,13,1,0,1
13645,1206,0,1,13,1,1,1
66299,918,3,8,6,0,1,1
34866,1875,38,8,22,0,1,1
73630,833,53,2,10,1,0,1
93657,2241,89,7,21,1,0,1
61187,1679,32,3,3,1,1,1
95939,616,32,2,23,1,1,1
68940,406,71,0,1,1,0,0
54484,1750,19,4,6,0,0,0
51105,93,15,3,18,0,0,0
46676,2478,20,0,13,0,1,0
39453,654,44,9,18,0,0,0
62103,434,89,7,6,0,0,0
83311,1136,86,7,11,1,0,1
52833,375,81,7,2,1,1,1
65418,1067,61,2,14,0,0,0
89574,207,30,5,4,1,1,1
23764,780,41,6,7,0,1,1
67272,1320,11,8,13,0,1,1
85716,1142,64,4,3,1,1,1
93364,532,72,8,6,0,0,1
26836,2214,2,5,6,0,1,1
94309,90,89,9,17,0,1,1
954,1118,8,9,13,1,1,1
90184,13,50,9,7,1,0,1
38723,1858,15,3,11,0,0,0
7492,805,87,0,9,0,0,0
55780,945,77,0,13,1,0,0
46817,1858,2,9,8,1,1,1
87192,1611,97,4,5,1,1,1
50959,1960,96,2,4,1,1,1
26409,1053,23,4,0,0,0,0
87555,296,72,4,0,0,0,0
63834,926,12,0,19,0,0,0
70567,640,1,7,16,1,1,1
52762,2388,70,4,10,1,1,1
98606,628,20,4,11,0,1,1
12788,2487,18,8,2,1,0,1
25442,1168,88,7,5,0,0,0
37257,942,46,0,10,1,1,1
67963,830,21,2,12,0,0,0
52183,1771,74,6,10,0,1,1
65833,976,32,0,7,0,1,0
89145,955,31,0,9,0,0,0
34798,1263,63,4,1,1,1,1
80723,952,84,8,23,0,1,1
22771,944,38,5,13,0,1,1
25284,2203,83,9,15,0,1,1
93484,1205,71,1,16,0,1,1
42207,2136,41,8,10,1,0,1
86302,1535,8,5,1,0,1,1
51763,1097,24,4,23,0,0,0
15808,179,88,4,22,1,1,1
92006,2260,96,2,4,0,0,0
49911,1829,1,5,15,0,0,0
2911,1258,18,3,15,0,0,0
56350,465,19,9,1,0,1,1
72182,1775,92,1,15,1,0,1
34854,1231,69,2,4,1,1,1
95842,885,16,8,7,1,1,1
11511,2414,88,8,19,1,0,1
3011,2324,67,5,13,1,0,1
67370,2428,93,9,9,1,1,1
83863,1333,83,9,22,0,1,1
8780,1655,2,8,1,0,1,1
84996,945,86,3,2,0,0,0
83979,925,50,4,17,0,1,1
71395,1939,81,9,20,1,1,1
88714,494,25,5,1,0,1,1
11211,1547,55,8,20,0,1,1
37604,1970,99,4,8,1,1,1
1902,1095,63,7,1,0,1,1
8255,2412,7,0,6,0,1,0
73756,1826,80,4,6,1,1,1
39484,763,94,9,13,0,1,1
47354,2324,36,0,4,0,1,0
22018,50,96,9,7,1,1,1
86081,906,26,5,22,0,1,1
60813,564,44,6,21,0,0,0
30406,783,3,4,17,0,1,0
16746,2041,85,0,5,0,1,0
46943,1832,89,5,13,0,1,1
96701,584,95,9,17,1,1,1
90835,1320,87,4,16,0,1,1
16471,236,98,5,8,0,0,0
77471,2104,36,9,12,0,1,1
2149,1943,95,6,15,1,0,1
31716,360,70,6,20,1,1,1
21032,1931,32,1,9,1,0,0
29955,110,30,2,9,0,0,0
61534,192,54,5,3,0,1,1
72794,904,11,2,11,0,0,0
43116,1117,10,1,7,0,0,0
7500,862,87,3,14,0,1,0
42742,1084,71,4,20,1,0,0
15251,650,31,9,22,0,0,0
51507,39,56,8,18,0,0,0
66790,637,37,2,14,1,1,1
4599,1037,59,2,7,1,1,1
6395,36,85,5,7,1,1,1
59140,2149,97,4,18,1,1,1
12283,1362,18,5,8,1,0,1
29399,1984,83,6,23,0,1,1
12974,166,55,2,16,0,0,0
32811,2431,13,4,7,0,1,0
5639,1880,32,7,11,0,1,1
53451,31,9,3,14,0,0,0
61367,11,79,9,3,1,0,1
48454,2012,63,1,5,0,1,0
2657,2144,63,3,15,0,1,0
38460,2240,61,1,4,1,1,1
82118,486,67,2,22,1,1,1
2300,1290,90,3,12,0,1,0
68597,1448,91,3,14,0,0,0
47075,2286,42,9,16,1,1,1
21457,1944,79,8,21,0,0,0
77605,1964,58,9,19,1,1,1
2969,1852,51,5,21,0,1,1
61235,1470,96,8,4,1,0,1
50208,1367,18,3,18,1,1,1
94279,991,20,8,6,1,0,1
90372,825,21,8,2,0,0,1
38567,1463,8,5,12,1,1,1
23428,2154,8,4,13,1,0,0
91512,2229,72,2,15,0,1,1
86931,2232,26,4,12,0,1,1
4087,226,16,2,1,0,1,0
58971,777,43,4,13,1,1,1
22499,1113,44,4,19,1,1,1
46314,688,7,1,6,1,1,1
99622,530,79,8,4,0,1,1
86516,972,17,6,13,0,0,1
70371,936,32,5,8,1,1,1
44164,1423,0,4,9,0,0,0
70191,2154,75,3,6,0,1,1
40918,1295,5,7,13,1,1,1
45625,1999,40,1,13,1,0,0
19930,1527,54,7,1,0,0,0
17529,679,4,0,16,1,0,0
6993,2441,58,9,19,0,0,0
80009,40,79,0,3,0,1,1
47433,1106,17,2,12,1,1,1
3536,845,48,4,17,1,0,0
74390,1744,81,5,2,0,1,1
76313,2249,64,3,18,0,0,0
5995,447,82,6,4,1,0,1
19838,1235,53,6,0,0,0,0
30846,2492,60,1,8,0,0,0
49477,1351,7,1,23,0,0,0
48504,227,2,1,7,0,1,0
54145,48,24,1,2,0,0,0
97988,1463,68,8,1,1,0,1
39890,1831,54,4,0,0,1,0
5700,187,39,7,11,0,0,0
94760,2393,82,4,21,1,0,1
93279,2272,81,4,12,1,1,1
40864,1933,49,0,9,1,1,1
74643,849,94,5,16,0,1,1
45814,2033,32,3,10,0,1,0
56935,1253,17,2,4,1,1,1
73844,1414,56,5,8,1,0,1
56591,979,15,1,12,1,0,0
18689,1613,79,7,19,1,0,1
43584,1017,37,0,22,1,1,1
83089,2236,40,8,10,0,1,1
36312,1882,6,7,22,1,1,1
43625,270,77,0,3,0,1,0
47302,1631,52,9,20,0,1,1
32735,310,62,8,10,1,1,1
63308,2044,88,1,8,1,0,0
33928,1575,31,2,6,1,1,1
18811,1096,37,1,15,1,0,0
3520,1696,21,7,22,1,0,1
96852,1446,15,1,22,0,0,0
401,2168,51,9,4,1,1,1
45336,220,28,1,5,1,1,1
66335,53,15,0,18,0,1,0
54340,1758,75,6,0,1,1,1
65826,1475,16,1,15,1,1,1
10592,1667,63,9,17,1,0,1
6202,1261,90,4,23,0,0,0
50436,720,88,4,12,1,1,1
85414,406,12,2,0,1,0,1
26741,2470,71,2,9,1,0,0
34684,2295,55,2,6,1,1,1
32845,72,4,5,4,0,0,0
23193,1854,11,3,12,1,0,0
66205,2233,40,2,21,0,1,0
51985,2054,2,1,15,1,0,0
36731,1230,98,2,23,1,1,1
73091,1568,32,3,19,1,1,1
4114,387,85,5,21,0,1,1
11193,1792,49,3,13,1,0,0
18170,699,55,7,10,1,0,1
35877,1201,8,2,18,0,0,0
57058,827,81,2,22,1,1,1
82174,1823,49,2,1,1,0,1
10829,349,28,7,7,1,0,1
99813,1279,38,3,12,1,1,1
45117,308,90,0,6,0,1,0
66420,1151,99,1,11,0,1,0
27851,1961,44,9,7,0,0,0
78169,2335,16,1,15,1,1,1
54848,766,55,2,17,1,0,0
5901,725,97,5,18,1,1,1
19290,1620,45,7,3,1,1,1
49789,383,66,0,11,0,1,0
51093,2436,68,8,15,1,1,1
29692,525,13,0,20,0,0,0
10747,276,66,9,21,1,0,1
8816,337,22,1,16,1,0,0
88991,1974,93,2,3,0,1,1
87645,481,60,6,19,1,0,1
90012,911,22,8,23,0,1,1
70416,1997,26,2,23,0,1,1
2468,1352,53,7,21,1,0,1
77675,2034,9,8,23,0,1,1
6755,1755,88,9,8,0,1,1
70131,109,76,6,4,1,0,1
76529,328,15,3,16,0,0,0
91183,1800,40,3,16,0,1,1
88022,315,97,3,1,1,0,1
55866,1135,54,5,1,0,1,1
13503,781,60,3,20,1,0,0
32197,1521,85,4,22,0,1,0
78757,156,80,8,6,1,1,1
11066,1497,86,6,3,1,1,1
99257,1725,99,7,12,1,0,1
93948,887,48,4,19,1,0,1
53021,722,72,4,10,1,1,1
49826,913,51,6,2,0,0,0
50400,871,1,7,1,1,0,1
22777,13,95,8,15,1,0,1
55709,498,49,1,2,0,1,0
96925,1757,85,2,23,1,0,1
56761,2286,42,1,14,0,0,0
31124,1118,76,9,16,0,0,0
70413,1195,7,6,15,1,1,1
53106,2005,58,1,19,0,1,0
95385,1648,64,1,6,0,1,1
15438,1591,80,1,15,0,0,0
68127,1491,11,3,4,1,1,1
92872,143,3,0,1,0,0,0
80235,1225,76,1,0,1,0,1
19608,565,94,2,21,1,1,1
3151,2432,40,6,12,0,0,0
48847,1716,6,9,15,1,1,1
87242,417,86,0,4,0,0,0
87335,1849,87,5,2,0,0,1
54121,2356,68,2,14,1,0,0
66512,1718,68,2,15,1,0,0
58435,1391,80,3,10,1,0,0
56279,1068,29,3,18,0,1,0
32193,1867,72,6,17,0,1,1
69778,1122,5,2,20,0,1,0
80838,1289,88,7,8,1,1,1
39834,1807,18,7,7,0,0,0
72715,2188,79,6,21,0,0,1
73623,1505,84,1,18,0,1,1
94576,1017,65,4,21,0,1,1
17119,953,9,5,4,1,0,1
83713,72,15,9,16,0,1,1
91894,1691,36,3,4,1,0,1
86772,1292,78,9,13,0,0,1
73947,1345,76,4,6,0,1,1
82850,2155,76,8,8,0,0,1
79734,883,31,6,16,1,0,1
28351,139,46,1,2,1,1,1
26045,2321,71,0,7,1,1,1
90952,1505,42,1,21,0,0,0
32317,2464,81,2,12,0,1,0
8408,733,35,1,15,1,0,0
6049,1749,25,2,20,0,1,0
52090,424,9,9,9,0,0,0
1250,1592,30,8,17,1,0,1
89580,390,96,3,2,0,0,0
74840,342,28,8,11,0,0,1
66717,946,4,2,15,0,0,0
94941,614,76,0,17,1,0,1
16996,493,0,4,16,0,0,0
46275,192,86,9,6,1,0,1
7905,499,2,9,18,0,0,0
5337,822,66,1,22,1,1,1
20156,1736,70,3,22,1,0,0
45643,1257,99,1,7,1,1,1
56656,1969,34,1,16,1,1,1
3443,227,14,2,20,0,1,0
13600,1395,66,4,6,1,0,0
53322,2187,92,3,0,0,0,0
29475,817,29,1,7,0,1,0
9762,1474,81,9,18,1,0,1
17064,1087,74,1,19,0,0,0
59738,104,42,5,19,0,0,0
73766,1875,59,6,9,0,0,1
85167,871,39,9,11,0,0,1
67315,668,64,5,23,1,0,1
69142,2043,28,6,0,0,1,1
13384,273,73,0,23,0,1,0
72889,1030,91,5,20,0,1,1
84764,2232,94,2,3,0,1,1
93568,1052,18,0,3,0,1,1
61489,1574,2,7,8,1,0,1
9535,293,35,3,14,0,0,0
54440,2225,42,9,23,1,0,1
44178,2106,14,7,14,0,1,1
78932,1293,96,9,6,1,1,1
51393,308,40,3,11,0,0,0
96081,977,89,3,2,0,1,1
78881,1252,79,9,19,1,0,1
60503,1271,35,3,8,1,0,0
29224,1518,96,5,13,1,0,1
95535,2131,83,8,12,0,1,1
44019,1210,76,4,23,1,1,1
35347,2300,32,9,11,1,0,1
94858,1379,4,7,0,1,0,1
91847,1774,77,7,18,0,1,1
62852,1720,90,3,15,0,1,0
56673,2043,86,9,11,0,1,1
59201,796,13,8,9,1,1,1
26746,897,67,8,1,0,0,0
23149,1962,82,4,17,0,0,0
79705,210,46,5,12,0,1,1
98216,2495,53,4,23,0,1,1
97479,968,3,2,5,1,1,1
68485,472,93,7,11,0,1,1
40258,2418,82,8,21,1,0,1
65517,923,94,3,3,1,1,1
23389,137,94,8,0,1,1,1
9923,367,8,8,10,1,0,1
60260,184,52,6,22,1,1,1
42075,1399,76,7,7,1,0,1
9640,537,77,2,1,0,0,0
16464,1603,59,4,1,1,0,0
4711,1274,45,2,15,0,1,0
27763,1097,53,6,0,1,0,1
52091,1306,73,5,3,0,1,1
57779,916,94,2,5,1,1,1
31077,152,36,8,20,0,0,0
94804,1029,22,0,19,0,0,0
49215,1219,26,9,13,1,0,1
91107,1978,69,2,19,1,1,1
88323,271,89,9,14,1,1,1
60990,1187,65,6,6,1,0,1
66487,460,60,2,6,0,1,0
18171,105,76,2,17,0,0,0
59375,1711,50,1,22,1,1,1
72469,2210,49,8,1,1,1,1
12038,2399,18,3,19,0,1,0
35295,434,0,9,14,1,1,1
91780,140,39,5,0,0,0,1
4100,1495,31,1,20,1,0,0
70688,87,21,8,16,1,0,1
93710,1712,92,6,19,0,1,1
97956,2231,65,9,12,0,1,1
38404,2416,39,4,11,1,0,0
69549,129,37,6,23,0,0,0
83086,1270,47,3,21,1,0,1
89743,1602,54,9,14,0,1,1
20864,670,74,6,23,1,0,1
86127,149,80,1,4,1,0,1
38594,985,54,6,6,1,0,1
3473,852,50,3,7,0,0,0
12261,1457,59,3,22,0,0,0
97632,628,7,0,13,0,0,0
92758,1493,85,2,3,0,0,0
27450,2494,67,4,20,1,0,0
93108,2045,74,4,13,0,0,0
94397,884,71,1,9,0,1,1
25451,2342,8,3,21,0,0,0
88768,1789,89,0,15,1,0,1
15405,250,1,8,10,0,0,0
75453,948,79,0,21,0,1,1
76897,975,94,5,13,1,1,1
66053,1326,69,6,13,1,0,1
57558,984,84,2,1,1,1,1
20458,889,89,0,21,1,1,1
3367,2118,58,6,12,1,0,1
82845,875,18,2,2,1,1,1
89688,1327,27,9,17,1,1,1
38613,471,71,5,21,0,0,0
26192,1988,13,5,3,1,0,1
11438,91,23,3,20,1,1,1
512,530,43,5,20,1,0,1
7643,661,55,9,18,1,0,1
33596,739,89,3,15,1,0,0
60792,872,94,7,3,0,1,1
89184,1687,50,8,18,0,0,1
93020,192,31,1,22,0,1,1
44525,1987,49,6,14,0,1,1
38856,2186,40,8,0,0,0,0
18988,345,65,8,15,0,1,1
35835,1009,24,4,14,0,0,0
47395,203,60,0,15,1,0,0
83142,573,65,5,21,1,0,1
86099,192,41,7,19,1,0,1
18055,2053,64,0,0,1,0,0
37941,1914,35,1,16,1,1,1
70740,1717,75,0,4,1,1,1
65610,311,8,4,4,0,0,0
35011,2104,35,1,6,1,1,1
59131,443,91,9,12,1,1,1
88826,1261,37,9,11,1,1,1
7457,870,32,3,3,0,1,0
32579,585,41,0,3,0,0,0
61576,1595,60,6,22,0,0,0
44911,1538,45,7,20,1,0,1
36308,360,85,4,20,1,1,1
20250,1724,88,1,5,1,1,1
71280,2078,60,7,23,0,0,1
43386,1803,17,0,14,0,0,0
68550,2012,69,6,20,1,1,1
21452,2156,81,0,18,0,0,0
55169,844,79,5,5,1,1,1
14497,1626,14,5,11,0,0,0
41655,891,47,4,13,0,0,0
47059,1992,71,1,17,0,1,0
828,1983,12,1,11,1,0,0
50617,960,42,8,23,0,0,0
66334,1469,59,4,23,1,0,0
40054,1462,56,4,14,1,0,0
47380,732,70,6,18,1,0,1
79559,606,16,5,7,0,0,1
16879,615,49,1,8,0,1,0
64032,2005,31,0,4,0,1,0
73036,1720,21,4,4,1,1,1
24566,674,54,3,5,0,1,0
37039,1271,56,2,22,0,1,0
69996,1588,12,1,2,1,0,0
35370,1612,46,9,4,1,0,1
59263,897,86,1,0,1,1,1
82737,1463,61,3,10,0,0,0
52034,278,53,1,20,0,0,0
64995,552,28,3,19,1,0,0
32407,1637,21,2,0,0,0,0
54198,2159,64,8,6,1,0,1
61021,2433,28,6,14,0,1,1
5586,761,47,2,16,1,1,1
8435,1450,4,7,7,0,0,0
87000,405,34,8,1,1,1,1
89212,1359,73,6,12,1,1,1
97303,1233,82,5,11,1,1,1
11230,22,70,3,4,0,1,1
87608,678,45,4,12,0,0,0
60666,2029,34,7,5,0,1,1
66803,1232,44,2,14,1,0,0
27292,2056,12,1,22,1,1,1
1162,1809,9,2,21,1,1,1
84176,529,65,6,20,1,0,1
89880,2038,69,7,21,1,0,1
21645,1677,71,0,10,1,1,1
21789,657,99,6,3,1,1,1
11274,166,24,8,0,1,0,1
88561,849,43,2,14,1,1,1
9448,496,59,2,11,0,0,0
23814,590,46,7,8,1,0,1
38202,429,39,3,10,0,0,0
74560,163,6,7,4,1,1,1
90030,2414,45,4,23,0,0,0
6901,1263,22,2,6,1,0,0
72367,72,82,3,7,0,1,1
48236,655,45,3,0,1,0,0
23725,269,85,7,0,1,1,1
82973,1777,12,5,2,1,1,1
72692,2463,20,6,7,0,0,1
77152,1269,0,8,10,1,1,1
44361,1016,18,5,0,0,1,1
1642,1084,59,2,13,0,1,0
21777,6,32,2,0,0,0,0
46832,982,3,2,5,0,0,0
50443,407,2,9,20,0,0,0
39181,1954,90,1,5,1,1,1
62956,2074,51,0,2,0,0,0
93205,986,98,9,9,0,0,1
88958,390,27,0,11,0,1,1
19165,710,69,3,9,0,0,0
83560,1472,69,2,21,1,1,1
88192,754,54,4,1,1,0,1
54793,2194,56,8,23,1,1,1
27062,1412,86,7,21,0,1,1
28395,1273,96,8,12,0,1,1
13907,526,15,4,15,0,1,0
42448,1486,23,7,12,1,0,1
26532,2061,68,3,3,0,1,0
83385,2432,40,4,3,1,1,1
91892,556,76,2,10,0,1,1
57954,19,46,4,22,0,1,1
40362,575,75,2,13,1,1,1
37180,1004,68,4,2,0,1,0
1424,2467,30,4,18,1,0,0
91367,2467,91,5,21,0,1,1
36009,1939,91,8,0,1,0,1
89439,1940,29,0,4,0,1,1
19970,1636,17,9,16,0,1,1
34678,1699,43,5,0,0,0,0
72224,2170,26,0,18,0,1,1
26890,432,98,5,18,0,1,1
25389,2092,25,1,3,1,0,0
55229,1896,59,7,18,1,0,1
93814,1944,17,2,5,0,0,0
94346,1341,96,9,14,1,0,1
15585,2429,88,5,3,1,1,1
44582,145,55,5,23,1,0,1
86288,2411,30,3,0,1,0,1
4848,1074,58,4,23,0,0,0
86869,1089,1,1,16,1,1,1
9535,2403,96,9,10,1,0,1
3809,800,38,9,16,0,1,1
30455,1152,60,7,22,0,1,1
55871,2446,62,9,0,0,1,1
57899,1957,95,6,8,0,1,1
13216,463,17,9,13,0,0,0
25570,1775,16,5,14,0,0,0
42444,2046,97,6,23,0,1,1
43018,808,38,0,0,0,0,0
52324,187,70,4,1,1,0,0
39398,1744,53,6,17,0,0,0
80319,732,98,0,17,1,0,1
61729,1936,93,1,5,0,1,0
66140,1214,75,8,19,0,0,0
99618,1412,34,2,7,1,0,1
99935,429,10,5,0,0,1,1
28116,1308,60,6,14,0,0,0
24060,2285,43,8,9,1,0,1
33691,1218,67,4,3,1,0,0
82948,1311,24,3,9,1,1,1
67741,771,47,1,10,1,0,0
36495,758,31,2,4,1,0,0
22800,136,83,4,8,1,1,1
34720,792,94,1,4,0,0,0
20659,171,3,3,10,0,1,0
93145,2207,37,0,2,0,1,1
93496,2249,62,3,3,0,1,1
61742,1581,46,6,9,0,0,0
76639,962,0,2,6,1,0,1
21832,876,2,9,0,1,0,1
91462,2419,85,7,5,0,0,1
30454,103,61,5,7,1,0,1
13943,1002,63,5,16,0,1,1
71826,1149,16,0,23,1,1,1
17740,1482,77,4,6,0,1,0
52628,658,61,2,0,0,1,0
38513,1221,34,9,8,0,0,0
52738,423,12,0,10,1,1,1
52836,171,34,7,18,1,1,1
68966,2221,42,6,1,0,0,0
19187,453,1,6,22,1,1,1
41530,2398,55,9,10,0,0,0
24604,1976,76,9,2,0,0,0
7214,1658,50,9,16,1,0,1
78959,2054,53,3,9,0,1,1
99757,288,15,5,2,0,1,1
11075,1642,17,8,21,0,1,1
11123,1448,6,2,2,1,1,1
21547,1914,44,8,20,0,1,1
90569,608,35,3,6,0,1,1
24059,457,40,4,1,0,0,0
66303,1765,93,6,0,0,0,0
29803,1226,41,5,6,1,1,1
9437,1236,6,9,19,0,1,1
46527,1030,14,7,10,0,0,0
61629,2424,59,7,22,1,0,1
84765,447,39,7,5,1,0,1
32021,835,82,2,22,1,1,1
33407,811,36,9,3,1,1,1
27455,1425,65,5,18,1,1,1
4935,1412,54,6,20,1,0,1
20259,959,76,8,18,0,1,1
47705,1476,94,9,13,0,1,1
38188,809,79,9,2,1,1,1
78852,979,55,3,3,0,1,1
55384,2464,43,4,7,1,1,1
57143,726,56,7,17,0,1,1
35647,1217,5,0,3,1,0,0
97107,2198,91,5,10,1,1,1
82944,1904,31,3,15,0,0,0
27632,779,73,4,2,1,0,0
34449,973,17,4,6,0,0,0
45545,1539,67,1,1,1,1,1
5813,1417,72,7,0,1,1,1
56278,2124,6,1,0,0,1,0
49507,599,7,3,5,1,1,1
70440,225,63,4,18,0,0,0
51090,1554,6,0,6,0,1,0
75772,2161,40,5,23,0,0,1
65645,2299,39,1,4,0,1,0
84891,841,2,4,20,0,1,1
58241,1815,16,5,17,1,0,1
23893,714,65,7,23,1,0,1
56670,1107,78,8,12,0,0,0
95184,125,92,5,0,1,1,1
37992,1093,51,4,9,0,0,0
1115,1280,21,3,8,1,0,0
61913,1751,3,1,16,0,0,0
27812,30,5,1,0,1,1,1
8515,2329,37,6,0,0,0,0
62392,2018,25,4,6,1,0,0
23933,2416,10,6,3,0,1,1
4258,495,89,0,22,0,0,0
62780,1610,16,0,20,1,0,0
20409,718,87,4,11,0,0,0
7070,1017,91,1,15,0,1,0
72574,1338,98,7,13,1,0,1
86804,606,30,2,22,1,0,1
46640,375,76,0,9,0,0,0
20484,1961,34,1,13,0,0,0
18117,1049,15,9,6,0,0,0
75980,1358,78,9,3,0,0,1
8802,116,17,6,1,1,0,1
484,2096,61,5,23,0,1,1
504,1802,26,7,17,0,1,1
41043,2147,34,6,15,1,1,1
48026,1483,44,9,8,1,0,1
29289,1547,34,7,4,0,1,1
12863,1621,27,2,8,1,0,0
18484,2453,8,5,7,1,0,1
60200,685,75,6,23,1,0,1
98242,1472,14,9,19,0,1,1
9960,1600,20,0,15,0,1,0
80742,2306,51,0,19,0,0,0
50712,2169,34,6,17,1,0,1
23674,810,96,2,3,0,1,0
23624,978,50,2,15,0,1,0
69272,2102,82,4,3,0,1,0
11016,1355,54,5,5,1,1,1
4909,784,86,1,2,0,1,0
32301,241,76,2,17,0,1,0
53430,1779,43,5,14,0,1,1
13556,1554,64,2,7,0,0,0
56497,483,92,4,17,1,0,0
38865,1013,87,8,23,0,1,1
34916,187,79,2,22,0,1,0
45206,1882,24,5,2,1,0,1
54032,2310,86,4,5,1,1,1
17200,953,91,4,21,1,0,0
57191,1388,46,5,20,1,0,1
22049,491,79,5,23,1,1,1
70180,431,55,0,14,0,0,0
37844,239,37,8,11,1,1,1
45643,2352,10,4,4,1,1,1
92293,2346,66,0,6,1,0,1
36287,76,14,7,21,0,0,0
7339,1357,0,6,14,0,0,0
14589,1924,6,6,6,0,1,1
58117,1782,0,4,12,1,1,1
61977,827,48,0,2,0,1,0
43225,2331,95,8,22,1,1,1
50022,591,72,8,12,1,1,1
94174,2120,28,7,2,0,1,1
32149,1903,25,4,1,0,1,0
37231,1911,86,2,22,0,0,0
43044,575,44,7,3,1,1,1
74063,892,92,0,16,0,0,0
24385,2060,96,2,5,0,0,0
37726,141,70,6,10,0,1,1
42908,1790,11,3,5,0,0,0
88564,17,94,6,21,0,0,1
53971,1087,31,4,1,1,0,0
19298,253,19,5,16,1,1,1
19858,465,50,6,2,0,0,0
15354,376,80,9,11,1,1,1
44338,1828,35,6,13,1,1,1
1352,520,66,6,1,1,1,1
39864,1861,0,6,21,0,0,0
77809,90,26,6,21,1,0,1
37541,720,39,2,4,0,1,0
92334,630,96,2,9,1,1,1
53782,1885,83,6,9,0,1,1
59594,76,13,1,20,1,0,0
81417,926,99,1,8,1,0,1
65315,2448,68,2,20,0,0,0
78687,1806,86,3,12,0,0,0
7049,970,78,5,9,1,0,1
55493,1095,5,7,5,0,0,0
73653,2029,32,9,10,0,0,1
7041,1405,54,9,3,0,1,1
26034,195,18,6,13,0,0,0
23486,228,76,3,16,1,1,1
61986,1460,28,1,19,0,0,0
75845,461,60,1,1,1,1,1
83351,618,69,3,9,1,0,1
94556,64,78,5,2,0,0,1
53513,2213,79,2,6,0,0,0
56900,2075,23,5,6,0,1,1
97339,285,22,4,0,0,0,0
42418,1684,9,4,7,1,0,0
70273,2329,53,1,22,1,1,1
70490,838,40,7,0,0,0,1
52429,831,48,4,7,1,0,0
43188,1188,16,1,13,0,1,0
39911,224,55,6,13,1,0,1
55579,784,44,8,1,1,1,1
85492,950,29,8,7,1,1,1
87469,45,43,0,18,0,1,1
20063,1811,73,6,9,0,0,0
55223,471,54,8,6,1,0,1
92805,2082,18,5,12,0,1,1
73577,830,28,0,21,0,1,1
14488,1910,1,1,20,1,0,0
5669,2269,35,3,14,0,0,0
69936,1892,18,3,10,0,0,0
36686,692,6,1,13,1,1,1
12115,1391,25,7,10,1,0,1
45102,932,78,1,1,1,1,1
6354,841,37,2,1,1,1,1
17244,1939,2,3,11,0,0,0
24314,1574,79,8,14,0,0,0
80819,2287,65,9,16,1,1,1
71874,2489,94,0,13,1,1,1
6190,148,91,7,15,0,0,0
11737,1033,70,4,7,0,1,0
22515,1312,93,6,23,0,0,0
24171,388,42,7,16,1,0,1
58343,1874,61,4,4,1,1,1
41340,916,70,7,11,1,1,1
83907,1879,99,9,5,1,0,1
33534,278,92,7,17,0,1,1
69824,1978,23,8,4,1,1,1
75797,1860,38,1,5,1,0,1
28832,1826,67,2,8,0,1,0
11414,1834,92,0,14,1,0,0
24054,618,43,3,9,0,1,0
57208,1631,4,4,16,1,0,0
87144,2183,54,0,18,0,1,1
87605,580,92,7,11,0,1,1
36768,1171,29,1,8,0,1,0
23161,490,28,0,14,1,1,1
79352,1183,25,1,13,1,1,1
39849,384,82,4,0,1,1,1
17007,163,25,8,16,1,1,1
18877,2489,36,8,0,1,1,1
93329,1877,90,1,22,1,0,1
51845,1213,93,1,20,0,1,0
91965,2463,52,2,21,1,1,1
81918,1363,29,6,12,1,1,1
23724,1631,2,2,7,0,1,0
23421,1205,42,0,12,0,1,0
10588,288,6,5,15,1,0,1
22674,1858,48,2,1,0,0,0
5340,187,72,0,12,1,1,1
43321,1908,40,3,17,0,1,0
10578,1162,76,0,2,1,1,1
55745,130,78,0,12,0,1,0
19362,2242,53,1,18,0,0,0
52896,2364,68,9,12,1,1,1
4532,1888,92,7,18,1,0,1
95357,144,98,1,3,0,1,1
64391,16,90,1,18,0,0,0
79204,2471,26,9,17,0,0,1
59499,245,7,9,5,0,0,0
79814,927,31,7,18,1,1,1
50528,2177,83,5,3,0,1,1
87831,907,63,3,3,0,1,1
402,887,9,2,23,1,1,1
82658,341,12,0,6,1,1,1
155,2052,62,2,6,1,0,0
8817,1434,92,8,22,1,0,1
28799,306,34,4,15,1,0,0
73786,908,60,5,15,1,1,1
67761,1372,53,4,4,0,0,0
44347,321,7,0,14,0,1,0
16848,559,28,9,22,0,0,0
4721,1205,94,0,3,1,1,1
15134,1410,40,3,23,1,0,0
5226,1642,29,2,12,0,1,0
5222,1132,85,7,18,0,0,0
18130,2458,20,6,6,1,0,1
82938,818,75,6,11,1,0,1
84817,1195,10,7,8,0,1,1
55758,12,1,9,16,0,0,1
38738,195,49,6,1,0,0,0
67167,2230,40,9,15,0,0,0
88969,656,65,1,6,0,1,1
34774,1922,97,3,17,1,0,0
35954,2078,2,5,6,0,1,1
46371,1620,79,2,0,0,0,0
73788,1120,50,2,2,1,0,1
38618,778,67,5,20,0,1,1
10367,444,86,0,10,1,1,1
90925,298,83,0,21,1,0,1
1162,808,24,4,14,0,1,0
50548,1761,29,0,2,0,1,0
95562,845,81,9,23,1,1,1
6329,1016,10,7,12,1,0,1
56893,1385,92,1,3,1,0,0
48015,1398,16,5,22,0,0,0
4732,554,25,9,21,0,1,1
3696,2351,22,9,7,0,1,1
6268,421,55,4,21,0,1,0
7661,1270,51,9,3,0,1,1
73894,1261,47,3,17,1,0,1
82252,185,19,0,6,0,1,1
26834,468,1,2,10,0,0,0
6471,2411,87,3,3,1,1,1
26169,1307,30,1,12,0,0,0
80005,1577,26,1,8,0,0,0
13010,336,1,1,8,0,1,0
73579,2210,77,0,22,1,1,1
77835,1498,3,9,20,1,1,1
81364,2060,12,1,18,0,0,0
23375,1448,99,5,2,0,1,1
72374,588,34,2,11,0,0,0
81549,1882,71,9,10,1,1,1
60104,201,65,4,19,1,0,0
63081,522,5,0,10,0,1,0
84759,1888,30,7,16,0,0,1
54653,1712,9,3,20,0,0,0
48547,788,20,8,13,0,0,0
34629,60,73,3,15,1,1,1
75803,578,22,1,23,1,0,1
76190,321,2,2,9,0,1,1
17360,1459,31,4,3,1,0,0
3912,2038,19,9,9,1,1,1
28124,923,73,5,19,0,1,1
58756,1410,28,6,11,0,0,0
27385,1695,51,3,8,0,0,0
92536,569,45,6,14,0,1,1
1705,1102,33,9,8,1,0,1
71258,527,83,2,6,0,1,1
72403,2173,60,6,23,0,1,1
27239,871,71,3,11,0,1,0
77249,280,70,7,19,0,1,1
56238,1893,69,8,23,1,1,1
76225,1752,10,6,13,0,1,1
14018,674,81,7,21,0,1,1
85755,1152,92,7,15,1,1,1
27546,2362,88,1,18,0,1,0
13146,332,62,8,22,0,0,0
24918,1174,20,5,2,0,1,1
4424,2040,2,3,10,1,1,1
76423,1478,81,4,22,0,1,1
9211,36,87,9,20,0,0,0
38210,1709,9,4,19,0,0,0
16489,1444,26,6,18,1,0,1
41527,2254,11,8,7,0,0,0
79679,1380,6,6,19,0,0,1
28846,440,16,8,7,0,0,0
87986,1120,64,3,2,1,1,1
217,164,63,9,9,1,0,1
84571,148,25,9,12,0,0,1
13334,2342,14,3,8,0,0,0
53541,195,32,5,5,1,0,1
946,663,61,7,14,0,0,0
11054,480,46,8,15,1,1,1
79339,123,94,0,4,1,1,1
46614,1424,34,0,20,1,0,0
88336,965,64,7,12,0,1,1
97679,1779,71,6,18,1,0,1
6569,1486,75,8,1,1,1,1
30205,2015,82,2,5,0,1,0
42201,710,24,9,0,0,0,0
64423,2444,56,4,14,0,0,0
92022,912,31,2,14,1,0,1
58167,1361,62,4,13,1,1,1
49476,2365,11,9,6,0,1,1
45687,1735,62,0,4,1,0,0
37076,1824,76,3,19,0,0,0
67684,1580,91,5,15,0,1,1
78577,681,0,1,16,0,0,0
42633,1334,50,6,10,0,1,1
1928,556,69,7,14,0,1,1
2017,610,7,0,19,1,0,0
20718,2157,67,3,15,1,1,1
32354,372,4,3,2,0,1,0
47462,616,88,4,5,1,1,1
20228,1915,85,3,20,1,1,1
59483,2254,91,8,22,0,0,0
65645,847,38,6,12,1,1,1
82280,43,22,1,0,1,0,1
88058,865,67,0,20,0,1,1
9965,1269,51,8,13,1,0,1
2319,1379,3,0,1,1,1,1
39909,785,46,5,1,1,1,1
5387,476,20,1,14,1,0,0
34487,83,55,3,17,1,1,1
8612,1134,65,5,8,0,0,0
1442,2238,58,4,2,0,1,0
63176,800,6,5,3,0,0,0
19316,936,48,2,14,0,0,0
93170,2299,15,4,4,0,1,1
79867,2339,16,1,19,1,1,1
97929,1669,83,6,19,1,1,1
26714,326,86,2,4,0,1,0
36358,1535,97,0,9,0,1,0
93889,1986,74,7,15,0,1,1
42178,1965,33,7,11,1,1,1
83624,837,32,2,13,1,1,1
96673,508,25,6,21,1,1,1
12319,2120,65,8,10,1,0,1
335,1271,62,7,18,1,0,1
43029,641,86,2,5,1,0,0
67544,1879,40,1,9,0,1,0
8667,608,85,9,19,1,0,1
70892,1959,57,6,2,0,1,1
65541,566,97,6,21,0,1,1
84655,1368,78,8,14,1,1,1
73798,2102,9,4,10,1,1,1
5515,1754,14,3,21,1,0,0
36259,1582,41,7,1,1,0,1
44025,1987,92,3,23,1,0,0
6051,2241,56,3,5,1,1,1
87488,2106,86,1,16,1,1,1
8107,129,16,0,17,1,0,0
41932,1873,59,3,3,0,1,0
58696,706,8,6,22,0,0,0
30623,852,35,8,8,1,0,1
88961,8,72,8,9,0,0,1
86840,2077,79,9,20,1,1,1
15624,1136,35,0,1,0,0,0
19382,2179,47,4,10,0,1,0
24030,2236,50,6,10,1,0,1
177,1699,96,6,10,1,1,1
20711,1499,94,9,0,1,1,1
17084,2260,69,5,13,0,0,0
14160,1645,73,9,0,0,1,1
83085,276,79,3,20,1,1,1
84156,1703,67,2,22,0,1,1
43403,1796,21,8,8,1,0,1
59307,243,76,9,23,0,1,1
75146,171,79,3,0,1,0,1
29387,653,92,7,20,0,0,0
93809,1933,5,0,21,1,1,1
39811,2236,25,6,21,1,0,1
12054,1110,74,5,3,1,0,1
73440,1500,87,0,0,0,0,0
72201,2100,92,3,18,1,0,1
71620,2159,2,4,9,0,0,0
87162,1973,51,7,14,1,1,1
18674,1067,73,3,19,1,1,1
9284,2259,59,2,3,1,0,0
19196,2036,62,1,19,0,0,0
67828,858,64,3,13,0,1,0
34116,1050,51,9,4,0,1,1
11346,299,89,3,14,1,1,1
45658,924,75,9,14,0,0,0
18481,137,13,4,15,1,0,0
36555,1044,88,6,15,1,1,1
92363,2488,71,8,3,1,0,1
4118,211,67,1,8,1,1,1
11402,1575,27,4,0,1,1,1
67606,2483,70,9,4,0,0,0
41257,780,9,8,8,0,1,1
55017,1231,56,2,19,1,1,1
92838,2487,99,0,4,1,1,1
96746,1803,65,1,3,0,1,1
83222,1066,89,5,15,1,1,1
24619,411,49,4,1,1,0,0
96909,427,13,0,15,1,1,1
87587,1472,15,0,17,1,0,1
56919,942,53,3,1,0,0,0
81010,1908,42,3,15,1,1,1
71424,742,41,5,0,0,1,1
5508,1393,80,5,15,0,1,1
59479,1244,21,9,2,0,0,0
25153,1601,67,5,14,0,0,0
9546,1256,18,0,10,1,0,0
1022,328,65,9,9,1,1,1
98823,1467,38,8,16,1,1,1
51456,2100,72,6,3,0,1,1
10889,1967,18,6,16,0,1,1
97820,376,15,6,3,0,1,1
66756,263,53,1,18,1,0,0
44128,267,24,1,0,1,0,0
64584,2407,17,5,13,1,0,1
32254,1945,22,6,23,0,1,1
82970,1894,84,2,10,0,1,1
2436,1902,10,3,6,1,0,0
67879,1653,38,2,16,0,1,0
19129,1445,67,6,3,0,0,0
59301,46,24,6,9,1,1,1
32365,600,62,3,16,0,1,0
43972,720,95,6,3,0,1,1
46297,1913,29,4,18,1,1,1
55280,1293,44,0,17,0,0,0
23810,601,89,9,16,0,1,1
29586,381,60,3,5,0,0,0
72007,118,99,6,6,0,0,1
71995,2164,50,1,5,1,0,1
64535,260,97,1,11,1,0,0
40731,1099,8,0,8,0,0,0
20203,1504,75,1,17,1,1,1
64872,2353,1,9,1,1,0,1
14482,2055,4,7,16,1,0,1
84391,366,61,7,20,0,0,1
3856,1658,68,7,0,0,0,0
20709,1462,51,0,22,1,0,0
16578,2025,85,0,8,1,1,1
39766,2477,4,9,5,1,0,1
75783,791,58,3,1,1,1,1
99197,747,67,5,5,0,0,1
71415,2415,8,7,8,1,1,1
77934,313,92,1,2,0,1,1
14253,538,21,2,15,0,1,0
76425,921,26,5,23,0,1,1
13099,1078,9,9,14,0,1,1
55418,1491,79,3,11,0,1,0
914,2382,60,1,22,0,1,0
76177,798,50,6,7,0,0,1
90574,348,9,3,5,1,1,1
2543,273,5,7,2,0,0,0
76093,720,61,7,22,1,0,1
76016,1774,4,6,3,1,0,1
73419,685,69,9,9,1,1,1
17468,2127,62,8,13,1,0,1
15428,622,55,3,20,1,1,1
57042,2040,58,6,23,0,1,1
91851,947,62,9,14,0,1,1
99231,2406,88,9,6,1,0,1
27406,507,58,0,6,1,0,0
85551,1583,50,3,7,1,1,1
40015,244,49,1,9,0,1,0
37319,506,3,8,18,1,1,1
80979,422,47,4,18,0,1,1
64744,2265,31,2,1,0,0,0
60379,1873,50,3,14,1,0,0
53128,1193,51,5,0,0,0,0
226,330,98,9,9,0,0,0
52429,650,73,0,5,0,0,0
27732,1465,33,6,21,1,1,1
65410,391,35,7,12,1,1,1
55276,1520,69,6,9,1,0,1
86166,381,42,6,11,1,1,1
44427,742,15,8,23,1,0,1
69004,2011,58,3,5,1,1,1
3897,820,52,6,5,1,1,1
47982,673,18,8,0,1,1,1
13818,1772,97,4,11,0,0,0
34660,1212,88,1,22,1,0,0
76689,930,94,4,22,0,0,0
22216,1540,40,3,9,0,1,0
36344,913,80,7,13,1,1,1
1745,644,46,4,14,0,1,0
47623,427,93,8,22,0,1,1
19356,502,53,8,23,1,1,1
53273,730,54,2,3,0,0,0
37530,1284,94,9,0,1,0,1
39382,2119,18,5,7,0,1,1
63474,457,61,5,2,0,0,0
68344,2237,98,3,13,1,1,1
11794,291,92,9,16,0,1,1
56364,920,58,2,1,0,0,0
75160,2340,64,0,14,1,1,1
97516,1970,67,6,5,1,0,1
57645,756,27,4,4,0,0,0
39324,1659,17,9,13,0,0,0
98045,1835,25,6,18,1,1,1
13324,1307,18,0,8,0,0,0
40838,1568,54,7,7,1,1,1
25250,1870,56,2,2,1,1,1
63831,377,5,6,17,1,1,1
49788,1180,0,2,7,0,1,0
73609,508,7,2,15,0,1,1
8677,1437,96,9,14,0,1,1
8170,559,50,8,20,1,1,1
8766,2308,84,1,14,0,1,0
57861,421,87,3,15,1,0,0
36468,1553,24,5,0,0,0,0
6883,304,46,2,9,1,1,1
42014,942,54,9,18,1,1,1
70607,1302,63,9,4,0,0,1
79126,1090,82,6,17,1,0,1
67626,2156,92,6,2,0,0,0
70935,2316,9,4,3,0,0,0
45865,2270,55,2,3,0,0,0
20056,1828,11,1,10,0,0,0
87995,1554,32,3,8,0,1,1
46340,693,70,3,0,1,0,0
37248,255,16,7,15,0,0,0
94370,1479,60,7,8,1,0,1
4857,2301,9,4,10,0,0,0
19197,257,30,5,5,1,1,1
10495,2431,59,7,16,1,1,1
16341,442,69,0,11,0,1,0
27796,1882,16,4,21,1,1,1
70580,1114,49,3,7,0,1,1
46263,2438,36,3,15,0,1,0
19916,582,81,1,4,0,1,0
49940,1736,61,9,20,1,1,1
52953,19,89,0,0,1,0,1
25017,1125,79,5,16,1,0,1
96831,1381,71,6,23,1,1,1
21666,1566,87,4,20,0,1,0
75552,2081,76,7,7,0,1,1
62923,1994,28,8,9,1,0,1
20906,1548,31,1,17,1,1,1
75620,862,87,3,14,0,1,1
1859,155,79,8,19,1,1,1
42049,905,10,4,12,0,1,0
92474,1270,95,2,9,1,0,1
2582,405,5,5,8,1,1,1
24542,844,34,2,12,1,0,0
33819,1783,32,4,2,0,0,0
58166,1565,17,2,21,0,1,0
93601,1185,36,5,22,1,0,1
2179,747,12,9,2,1,1,1
2817,1726,73,4,0,1,0,0
59776,271,89,8,1,1,1,1
28052,770,80,2,10,1,0,0
86544,1716,63,5,13,1,0,1
42560,1511,0,7,9,1,1,1
90497,172,62,6,6,1,0,1
72947,274,88,5,22,0,1,1
93707,2307,33,1,0,0,1,1
89206,1159,9,6,6,0,0,1
18549,1707,83,7,14,0,1,1
33636,1772,6,0,10,1,1,1
64177,422,55,8,5,0,1,1
38358,1445,79,3,21,0,1,0
48402,1210,36,7,6,1,0,1
28965,2412,28,9,6,0,0,0
6745,2426,11,6,0,0,0,0
38100,580,16,9,9,0,1,1
26837,891,47,6,20,0,0,0
11585,722,83,1,14,0,0,0
38665,881,25,0,7,1,0,0
25622,1122,82,3,23,1,1,1
65255,2008,11,1,18,1,0,0
55268,2070,20,7,2,0,1,1
52587,1474,41,9,22,0,0,0
12442,383,60,6,14,0,0,0
40906,2182,57,7,3,1,1,1
48870,1450,53,5,5,0,0,0
78723,1591,33,0,9,0,1,1
99885,1787,6,8,17,0,1,1
75729,144,34,5,15,0,0,1
52703,1887,14,9,17,1,1,1
82074,1703,64,0,5,1,1,1
26499,1436,89,0,18,0,1,0
85482,224,98,7,16,1,1,1
81344,220,24,5,17,1,0,1
76634,179,58,7,12,1,1,1
55206,1655,78,7,6,0,1,1
30778,433,85,7,19,1,0,1
76318,265,5,9,11,1,0,1
63330,954,51,6,1,0,0,0
74155,429,78,6,11,1,1,1
56473,2464,87,9,11,1,1,1
31580,2245,20,3,23,1,1,1
85330,1578,70,8,3,0,1,1
68936,480,92,1,3,0,0,0
72358,1354,95,8,17,1,0,1
40086,890,31,9,15,0,1,1
24260,925,52,2,13,0,1,0
85695,2171,58,1,16,0,1,1
79211,1903,68,3,16,1,1,1
65029,1411,61,4,2,1,0,0
73606,1363,3,1,5,0,0,0
35011,778,85,0,22,1,0,0
87227,2396,17,9,12,0,0,1
31921,29,98,4,8,0,1,1
75139,35,80,8,20,1,0,1
60635,1420,55,4,8,0,1,0
84558,589,23,9,7,0,0,1
12275,904,65,8,16,0,0,0
54871,2170,12,9,15,0,1,1
87025,340,61,5,15,1,0,1
66458,175,53,2,18,0,0,0
17427,1924,14,3,23,1,0,0
47157,1715,68,3,15,0,0,0
6250,597,2,0,13,1,1,1
4525,451,36,2,19,0,0,0
16132,557,36,2,13,0,0,0
2298,1160,2,0,13,1,0,0
60600,1357,62,8,13,1,1,1
53494,2057,34,0,11,0,1,0
20179,2382,51,8,5,0,0,0
36320,1017,86,0,19,0,0,0
41974,2375,27,1,12,0,0,0
13959,2063,93,1,15,0,1,0
50560,839,17,5,8,1,0,1
31519,1638,35,6,1,1,0,1
8805,226,32,0,21,0,1,0
42980,1814,63,2,2,1,1,1
23336,2161,25,1,9,1,1,1
88055,2021,47,7,19,0,0,1
85614,1452,39,8,1,1,0,1
15458,2049,16,1,23,0,0,0
99813,2314,39,1,9,1,1,1
95014,1515,6,9,7,1,0,1
77018,1232,56,8,16,1,0,1
14696,1646,7,3,21,1,1,1
33672,1736,55,4,0,1,1,1
78857,306,30,8,5,0,0,1
1379,2060,58,5,6,1,1,1
63297,1724,57,9,14,0,0,0
62616,1690,11,8,17,1,0,1
7183,1518,47,8,8,1,0,1
17871,1392,30,6,7,1,1,1
30075,420,82,9,9,0,0,0
45748,2219,62,8,3,1,1,1
48385,134,73,4,19,1,1,1
19163,2031,38,4,7,0,1,0
67742,1451,75,7,0,0,1,1
90193,1554,19,9,7,0,0,1
86243,1165,47,3,22,1,1,1
37699,1870,70,8,11,1,0,1
52020,1820,53,6,22,1,0,1
28629,1343,77,6,14,1,0,1
36054,1465,74,2,12,0,0,0
27956,2227,70,3,15,0,1,0
2673,1080,28,6,22,1,1,1
78444,1179,73,4,17,0,0,0
35467,1696,92,2,0,0,0,0
99708,111,72,0,16,0,0,0
60874,2185,99,6,15,1,1,1
23852,2280,47,5,22,0,1,1
55129,468,73,9,4,1,0,1
17785,814,82,6,19,1,0,1
51793,1273,55,1,20,1,0,0
56061,994,94,3,9,0,1,0
77008,2032,16,1,5,0,0,0
74632,323,8,7,11,0,1,1
82094,904,96,6,9,0,1,1
56233,1542,33,0,21,1,1,1
97525,2000,44,1,16,1,0,1
61368,1816,87,1,1,1,1,1
92301,2477,8,3,18,0,1,1
38343,148,6,2,19,0,0,0
57484,1142,15,0,5,0,0,0
31753,850,18,1,12,1,0,0
26757,367,5,8,8,1,1,1
40052,1090,10,0,11,0,1,0
22280,2039,75,8,17,1,0,1
97532,175,60,6,7,1,1,1
78511,1855,41,1,17,0,0,0
1722,588,12,1,22,0,0,0
48856,495,11,4,21,1,1,1
40909,1138,84,4,1,0,1,0
16825,1785,73,3,7,1,1,1
61496,1171,19,9,9,0,1,1
51326,35,49,9,8,1,0,1
81282,999,35,2,23,0,0,0
82665,1333,91,3,17,0,1,1
29502,1038,87,9,7,0,1,1
4363,374,68,3,18,1,1,1
96623,1452,36,1,2,1,0,1
46928,1752,11,4,8,0,0,0
48024,2281,98,4,12,1,1,1
74282,705,39,4,8,1,0,1
93165,563,53,9,19,0,0,1
59152,1874,1,0,11,0,0,0
11764,2124,49,5,22,0,0,0
35837,439,40,1,12,1,1,1
89663,1884,44,6,7,0,1,1
29473,1980,8,3,14,1,1,1
36497,699,61,4,12,1,1,1
86245,1313,85,4,20,1,0,1
38809,1564,46,4,12,0,1,0
61220,692,4,1,16,0,1,0
19350,2301,75,4,14,1,1,1
21272,1201,0,2,21,1,1,1
11655,2458,43,3,18,0,1,0
87510,1635,21,1,2,0,0,0
78717,1634,37,3,13,0,1,1
53376,127,18,8,9,0,0,0
57592,1507,79,7,16,0,0,0
53102,1192,30,2,7,0,0,0
89699,294,66,0,17,0,0,0
72455,1367,86,0,11,0,0,0
91348,1020,41,5,16,0,0,1
24862,2358,81,2,22,1,1,1
11146,419,25,3,10,0,0,0
97099,444,12,0,8,0,1,1
28869,685,57,7,21,1,0,1
53402,2284,17,0,23,0,0,0
23250,1463,66,4,23,0,0,0
68347,2262,86,5,22,1,1,1
4953,85,2,1,14,0,0,0
94713,1768,54,6,8,1,0,1
89499,85,88,6,11,1,1,1
21892,1945,90,0,10,0,0,0
59229,2113,57,3,16,1,0,0
74578,1670,62,3,5,1,0,1
67398,663,90,4,7,1,1,1
32087,627,51,0,9,1,0,0
15950,64,88,0,14,0,0,0
12212,919,23,6,3,1,1,1
24158,1376,71,8,17,1,1,1
45520,1182,8,0,10,0,0,0
38990,1613,36,1,8,1,0,0
66117,491,93,5,8,0,0,0
47404,1879,82,5,7,1,0,1
33021,1941,52,1,2,0,1,0
1624,313,79,8,20,1,1,1
15148,919,23,3,17,0,1,0
35211,1883,20,6,13,1,0,1
38004,813,99,5,2,0,1,1
55012,1490,39,2,16,0,1,0
34108,1327,61,7,3,0,0,0
160,680,69,6,20,0,0,0
74766,435,68,8,17,0,0,1
83659,682,13,2,14,1,0,1
55437,1159,41,0,18,1,0,0
13450,1074,49,1,21,0,0,0
24454,1456,60,0,5,0,1,0
45286,2388,3,4,14,1,0,0
28245,2395,71,9,6,1,0,1
34120,1371,87,1,11,0,1,0
86223,649,74,2,15,1,1,1
75286,245,16,7,8,0,1,1
85569,2157,84,9,19,0,1,1
20681,296,56,4,4,0,1,0
89029,2160,89,3,10,1,0,1
23151,1613,47,4,1,0,0,0
51574,2391,43,9,21,1,1,1
91848,2149,44,5,15,1,1,1
69726,1628,90,6,3,1,1,1
7060,28,79,8,4,1,1,1
35872,1986,89,0,6,0,0,0
21620,1561,32,3,5,0,1,0
49581,58,30,8,23,1,1,1
36508,1522,46,4,21,0,0,0
94106,297,5,7,9,1,0,1
57234,2182,71,0,13,0,0,0
20591,2297,70,3,7,0,1,0
1441,902,33,8,13,0,1,1
44723,1965,52,0,13,0,0,0
90427,1099,13,0,19,0,1,1
438,1678,15,3,22,0,1,0
71531,1192,42,2,2,1,0,1
12354,771,72,6,0,0,0,0
51960,1527,73,2,8,0,0,0
11444,1379,80,0,8,0,1,0
1850,1249,11,9,21,1,0,1
54856,1555,69,1,1,0,1,0
68057,146,18,9,15,0,1,1
58153,1984,40,3,7,0,1,0
70955,1265,52,0,5,1,0,1
15996,1908,28,0,22,0,0,0
55861,2392,69,7,12,1,0,1
62652,1773,58,6,0,1,1,1
77554,1059,88,7,18,0,0,1
90700,2049,63,3,14,0,0,0
28035,2020,23,5,0,1,1,1
37741,153,88,2,9,1,1,1
29811,2477,15,7,0,0,0,0
70442,508,51,3,11,0,0,0
12282,491,79,2,10,1,1,1
87933,345,5,3,16,1,1,1
56376,1936,36,5,3,1,1,1
19641,1762,84,6,22,1,0,1
94557,221,3,6,6,0,0,1
82410,1939,97,3,11,1,1,1
44913,1943,91,7,12,0,0,0
37298,723,37,6,4,1,0,1
8920,528,40,1,5,1,0,0
24170,1523,91,7,1,0,1,1
69868,1665,80,8,20,0,0,0
11222,481,13,4,6,0,1,0
80659,1872,70,3,13,0,0,0
73643,1463,85,3,21,1,1,1
83541,1426,50,3,13,0,1,1
41886,345,64,5,9,0,0,0
95034,45,92,3,3,0,0,0
99904,2069,51,6,2,1,1,1
6837,1658,94,6,22,1,1,1
36162,1888,29,4,13,0,0,0
54337,2096,56,4,5,1,1,1
51671,1515,78,9,22,1,1,1
25610,2335,81,7,14,0,0,0
19526,1002,98,6,7,1,0,1
37365,1034,29,6,4,0,0,0
17950,2041,97,5,2,0,0,0
66250,274,41,6,2,0,1,1
87412,956,10,6,12,1,0,1
89713,1780,26,9,1,0,0,1
75010,381,23,1,23,1,0,1
52475,1353,98,9,0,1,0,1
35535,479,38,1,11,1,1,1
96543,2063,71,9,7,1,1,1
57232,516,17,6,18,0,0,0
79045,191,76,9,8,0,0,1
82150,1192,44,6,13,1,0,1
95502,1161,87,6,17,0,0,1
3083,2202,86,4,9,1,1,1
97341,1412,11,0,8,1,1,1
20762,272,48,1,5,0,1,0
23610,143,93,8,0,1,1,1
78287,1913,30,7,4,0,0,1
41098,1093,91,7,9,1,1,1
56946,2295,21,9,12,1,1,1
94171,788,43,0,21,1,0,1
6740,2127,91,5,22,1,1,1
44647,1682,63,8,3,0,1,1
54720,623,76,7,0,1,1,1
15417,938,24,2,20,1,0,0
7664,1119,50,3,1,0,0,0
27445,617,6,2,23,1,0,0
94323,1032,5,5,3,1,0,1
79373,67,23,8,16,1,1,1
74959,191,18,7,9,1,1,1
80865,521,82,9,22,1,0,1
74138,990,99,3,11,1,0,1
52493,1141,8,1,1,0,0,0
66181,2315,35,7,2,1,1,1
29530,1635,39,7,13,0,1,1
75632,1188,92,5,14,1,0,1
27888,376,23,7,12,0,0,0
95605,653,47,8,8,0,0,1
48643,549,62,0,1,0,0,0
14019,1098,68,8,18,0,0,0
69446,73,52,1,15,1,0,0
96222,2356,53,0,10,1,0,1
40074,199,41,7,11,1,0,1
16471,1782,44,7,0,0,1,1
45184,572,89,3,1,0,0,0
29729,791,13,7,15,0,1,1
51284,1639,28,6,1,0,0,0
62016,1832,5,1,18,0,1,0
74072,1856,6,4,9,0,0,0
62287,1511,36,9,18,0,0,0
13084,1175,52,3,9,1,1,1
33139,179,17,2,15,0,0,0
85531,2245,86,0,12,1,1,1
83791,735,37,4,15,1,1,1
58706,2137,58,9,17,0,1,1
10716,799,0,7,23,0,0,0
50172,788,67,8,7,0,1,1
24674,209,43,6,23,0,0,0
3530,493,46,0,17,1,1,1
12776,1658,34,0,12,0,0,0
10916,732,86,0,6,1,1,1
32833,1130,90,1,20,0,1,0
85780,1606,59,0,22,1,0,1
2150,594,89,3,23,1,0,0
34033,1216,51,9,17,1,0,1
25051,325,7,8,5,1,0,1
32513,979,79,3,8,1,0,0
34901,1750,40,3,5,0,0,0
55719,1851,2,6,17,0,0,0
33013,1491,95,8,16,0,0,0
40700,894,68,6,11,1,0,1
57875,1391,83,0,2,0,1,0
90916,144,13,0,4,1,1,1
90193,384,95,3,6,1,1,1
35500,2264,25,3,9,0,1,0
4594,2372,69,0,9,1,0,0
80788,217,57,5,18,0,1,1
89531,1516,99,9,3,1,1,1
74791,2231,39,1,9,0,1,1
97519,2318,50,4,17,1,0,1
43101,1491,4,7,2,0,0,0
67464,1636,76,2,20,0,1,0
45128,2353,31,8,2,1,1,1
97759,1168,79,6,4,1,1,1
37673,111,0,8,15,1,0,1
906,1014,76,0,19,0,1,0
56738,232,53,4,12,0,1,0
29857,1715,10,2,10,1,0,0
34736,1756,52,3,12,0,1,0
80197,1578,7,3,18,0,1,1
48380,1297,24,6,5,1,1,1
24362,2221,39,9,23,0,1,1
80535,973,31,7,12,0,1,1
62311,1031,87,9,3,0,1,1
54942,518,27,4,21,1,1,1
57079,914,77,9,4,0,1,1
81570,2263,2,6,18,1,0,1
38297,2182,99,2,4,0,1,0
41944,2333,90,2,20,0,1,0
64854,1945,83,2,13,0,1,0
34257,1463,78,3,3,0,0,0
77229,1873,61,5,11,0,1,1
40142,2379,26,4,5,1,0,0
61765,1308,44,7,18,0,1,1
82956,899,91,4,9,0,0,0
27476,1099,24,4,0,0,0,0
55654,1190,60,9,22,0,0,0
14299,1213,43,1,22,1,1,1
81512,2126,96,4,15,0,1,1
51048,688,45,6,3,0,0,0
73881,2069,13,1,8,0,1,1
72850,566,7,5,17,0,0,1
66362,1208,47,6,16,1,1,1
46700,1895,13,4,14,1,1,1
76998,827,64,8,18,0,0,1
62583,1352,79,3,6,0,0,0
18397,2227,81,9,17,0,1,1
30548,1812,6,0,5,0,0,0
26272,1083,78,7,18,0,0,0
42974,1351,87,7,20,1,1,1
7757,1645,48,6,11,1,0,1
84486,191,54,7,2,0,1,1
25525,1224,12,1,0,0,1,0
26785,1336,72,2,4,0,0,0
24678,708,55,8,0,1,0,1
28931,379,55,0,7,0,0,0
8006,387,14,7,6,0,1,1
61513,2285,56,7,14,1,0,1
54128,616,57,6,10,1,1,1
7387,1543,34,4,17,0,0,0
33760,2331,87,3,13,0,0,0
75858,2049,96,9,8,0,1,1
60604,1755,15,9,4,0,0,0
59820,464,7,9,22,1,0,1
34801,967,92,9,3,1,1,1
83400,172,86,5,11,0,0,1
17774,1147,44,0,0,1,0,0
83660,843,94,4,23,0,1,1
23974,1322,39,3,12,1,0,0
43742,1909,53,3,0,0,0,0
97920,690,13,6,2,0,1,1
65260,1508,58,8,21,1,0,1
17702,2213,93,7,7,1,0,1
88901,2025,52,7,23,1,0,1
26031,1723,26,4,17,1,1,1
94477,383,46,5,15,1,0,1
29292,2257,79,1,19,0,1,0
46642,1413,5,2,19,0,0,0
42620,1584,54,4,15,1,0,0
64872,2272,96,1,1,0,0,0
58862,2051,43,2,16,0,0,0
50206,372,17,3,9,0,0,0
81221,1711,15,5,6,0,0,1
25659,1470,11,4,9,1,0,0
33842,611,19,9,18,0,0,0
69769,116,44,3,19,0,0,0
80299,447,63,1,8,0,1,1
21854,1392,58,4,21,0,0,0
4072,1341,92,4,16,1,1,1
70931,415,93,6,8,0,1,1
41973,1809,89,0,8,0,0,0
94761,1048,21,3,4,0,1,1
10003,1874,96,4,23,1,1,1
3120,1074,46,7,6,1,1,1
41855,718,28,7,10,0,1,1
86056,1359,85,0,7,0,0,0
87088,1606,44,4,13,1,1,1
45748,2319,76,9,1,0,0,0
9616,562,8,0,9,1,1,1
2496,2295,23,0,20,0,1,0
84182,387,14,1,23,0,1,1
19229,702,35,1,15,1,0,0
1691,973,12,8,15,0,0,0
11403,1385,90,3,18,0,0,0
30661,984,43,2,10,0,0,0
71819,1512,70,0,5,1,1,1
92208,352,71,1,5,1,0,1
99716,1725,77,5,6,0,1,1
86331,1952,75,8,15,0,0,1
7414,1280,35,4,12,0,1,0
19723,1908,60,3,2,0,1,0
67775,753,80,4,23,1,0,0
96926,1025,39,8,23,1,1,1
65182,546,92,6,8,1,1,1
83724,1470,26,7,23,0,1,1
33230,79,0,3,2,0,1,0
51856,1260,33,7,5,1,1,1
97724,2382,67,5,16,0,0,1
26392,889,87,4,2,0,0,0
86306,1106,20,6,1,1,1,1
69374,1991,32,5,11,0,1,1
2569,1501,6,2,23,1,0,0
54047,921,64,4,5,0,0,0
22634,550,2,8,9,0,0,0
63720,2062,50,6,10,0,1,1
48974,392,78,3,15,0,1,0
49808,2358,94,6,15,0,0,0
74653,2434,53,4,23,1,0,1
68444,1381,79,1,17,1,0,0
49238,974,73,5,21,0,1,1
54402,340,92,6,22,0,1,1
47738,757,58,7,23,1,1,1
78349,1046,5,5,8,1,0,1
2819,2339,28,7,20,0,1,1
22990,2354,16,6,18,1,0,1
77336,939,59,1,1,1,0,1
36609,848,21,5,23,1,0,1
42634,442,23,8,0,0,1,1
92341,130,80,5,15,1,1,1
18887,597,84,3,21,1,1,1
48945,1959,50,6,17,1,1,1
58032,1506,49,2,2,1,1,1
92224,862,10,4,23,0,1,1
91759,999,55,0,0,1,0,1
33162,2373,70,9,5,1,0,1
75813,2496,41,2,18,1,1,1
87363,1552,38,7,21,0,1,1
95856,1641,68,8,18,0,1,1
60561,1512,47,8,10,0,0,0
75518,1737,56,9,7,1,1,1
66772,1450,20,1,4,1,0,0
34932,1858,81,3,19,1,1,1
32066,265,98,4,8,0,0,0
72645,1463,19,2,14,1,0,1
13087,157,14,0,20,1,1,1
37411,1446,68,5,13,0,0,0
31675,2299,76,9,3,1,0,1
63952,1633,50,1,23,1,0,0
1107,2375,75,8,23,0,0,0
71081,895,61,0,7,0,1,1
76342,2145,84,8,19,0,0,1
47617,513,36,6,16,0,0,0
29357,216,5,9,1,0,0,0
87372,2173,70,1,19,1,1,1
42307,1707,25,5,15,0,1,1
13381,2107,7,7,9,1,0,1
61346,1568,72,1,1,1,1,1
1535,2209,90,4,10,0,1,0
98975,2332,3,5,9,0,1,1
91457,2154,20,2,18,1,1,1
26760,1129,30,1,13,1,1,1
5184,228,20,5,10,1,1,1
82297,2366,24,2,8,0,1,1
13607,1488,14,1,6,1,0,0
72695,802,34,0,14,0,0,0
83907,1623,48,7,19,1,0,1
45639,1906,42,0,16,1,1,1
7591,472,40,4,2,1,0,0
50292,1080,36,5,14,0,1,1
80495,2061,56,2,13,0,1,1
63988,1042,41,6,7,1,0,1
73709,2161,46,1,3,1,0,1
9177,229,91,6,9,1,0,1
21053,171,60,1,1,0,0,0
77019,295,13,4,13,0,1,1
67989,189,67,6,7,0,0,0
23921,426,52,2,22,0,0,0
37667,977,83,3,9,0,1,0
24960,1103,33,0,17,1,1,1
21295,919,75,2,14,1,1,1
77575,499,96,8,4,1,1,1
90974,1822,23,9,21,0,1,1
87366,866,19,4,12,1,0,1
21527,826,68,7,17,0,0,0
27183,1859,29,1,1,0,1,0
87146,2119,87,2,12,1,0,1
57472,2296,6,6,13,1,1,1
44164,146,35,9,9,0,0,0
7913,1642,37,3,3,0,0,0
31698,1320,79,8,14,1,0,1
93206,470,51,6,7,0,0,1
27182,193,14,0,14,0,0,0
29341,1092,45,3,13,0,1,0
96314,52,22,9,20,1,0,1
44669,2411,11,5,8,0,0,0
11845,1821,92,5,19,0,0,0
26129,1870,43,9,2,0,0,0
13125,1787,14,5,14,0,1,1
14388,1455,92,4,23,0,1,0
89286,1868,48,2,16,0,1,1
6640,2008,20,1,15,0,0,0
97868,1435,14,2,3,1,1,1
82058,840,13,8,10,1,1,1
68978,241,41,2,7,1,1,1
41946,536,79,2,2,0,1,0
76032,1408,14,0,18,1,0,1
17582,83,62,1,13,1,0,0
23511,982,67,2,8,0,0,0
51075,951,26,1,2,1,0,0
60645,611,86,7,3,0,1,1
78897,574,92,5,3,0,0,1
52407,2334,52,6,10,0,0,0
3193,989,51,0,18,1,0,0
77358,459,62,5,15,0,1,1
22142,2174,72,1,22,1,1,1
53030,1523,52,5,21,0,1,1
44513,2473,56,2,16,0,0,0
93723,1985,51,6,9,1,0,1
97983,1567,42,2,23,0,0,0
33856,2160,6,8,16,1,0,1
53368,2450,41,2,15,0,1,0
39314,122,3,6,19,0,0,0
81971,273,68,3,21,0,1,1
28702,1318,4,7,5,0,1,1
53431,398,74,1,6,0,0,0
49001,985,91,7,13,0,1,1
63516,1231,79,8,10,0,0,0
32296,1134,40,7,11,0,0,0
5726,1302,93,5,13,1,0,1
7524,1911,3,9,4,1,0,1
12957,1506,1,0,4,1,1,1
20082,1917,66,6,19,0,1,1
77061,820,20,0,21,1,0,1
2080,1957,69,6,22,1,1,1
48390,2369,42,1,14,0,1,0
26531,179,81,7,0,1,1,1
85076,897,68,1,23,0,0,0
82811,2267,8,2,22,1,0,1
26485,1973,83,2,8,1,0,0
38258,1552,27,0,2,1,1,1
23119,492,25,4,3,1,0,0
18739,61,81,4,15,1,0,0
85630,1078,82,9,6,0,0,1
21663,1704,2,4,21,1,0,0
39441,65,72,8,13,0,0,0
5876,586,99,5,15,1,0,1
36544,1728,94,5,17,0,1,1
69016,2219,48,2,15,1,0,0
8811,535,16,4,15,1,1,1
74418,2156,62,9,1,1,0,1
83070,1871,54,6,9,1,1,1
85653,1005,22,2,6,1,1,1
30807,1230,33,1,14,0,1,0
39210,1040,68,4,8,1,0,0
61888,327,14,2,6,1,0,0
82979,608,46,4,23,0,1,1
38927,2,2,8,15,1,1,1
5755,1034,82,9,2,1,0,1
44959,2482,27,0,16,1,0,0
53725,125,2,3,22,1,0,0
52198,1105,3,9,7,1,1,1
15351,1862,87,4,1,0,1,0
626,1174,30,1,19,1,1,1
68860,129,44,1,2,0,1,0
47937,438,58,0,7,1,1,1
11636,751,44,7,1,1,0,1
28641,1222,74,1,18,0,1,0
79183,2259,36,2,16,1,1,1
51127,902,64,1,4,1,0,0
34631,2093,8,3,19,0,0,0
8812,1303,16,0,16,1,0,0
65555,1434,64,2,9,1,1,1
74844,391,2,4,8,0,0,0
5209,1068,25,9,21,0,1,1
49368,27,52,0,5,1,0,1
54715,548,30,3,10,1,1,1
82603,567,25,5,1,1,1,1
29859,704,22,3,22,0,0,0
85808,1243,29,6,11,0,1,1
60212,185,9,6,11,1,0,1
26689,1591,71,5,15,1,1,1
30115,1914,88,8,21,1,1,1
29109,848,63,1,23,0,1,0
83409,599,21,9,11,0,0,1
62146,806,14,7,20,0,1,1
26243,1358,55,7,17,1,0,1
6254,2127,73,9,12,1,1,1
21904,1879,19,3,14,1,1,1
41788,2461,46,5,15,0,0,0
64388,546,86,5,3,1,0,1
51295,1633,52,4,11,0,1,0
20681,2217,52,0,16,1,1,1
52748,2080,0,2,0,0,1,0
30187,2335,1,6,21,1,1,1
50030,1927,57,7,17,1,1,1
33081,617,18,1,21,0,1,0
69398,2318,61,2,15,1,0,0
46267,1204,77,3,0,0,1,0
75404,1760,71,4,9,1,0,1
43508,226,11,2,18,1,1,1
39599,670,25,4,15,1,1,1
52369,1764,26,7,13,0,0,0
38659,917,28,7,1,1,1,1
74419,2174,14,1,23,0,1,1
95417,2122,45,5,5,1,0,1
96447,1215,0,3,21,1,1,1
48887,1706,59,8,22,0,0,0
35588,1843,91,9,4,1,1,1
74541,1984,56,1,11,1,1,1
74763,56,2,7,3,0,0,1
22531,720,17,0,21,0,0,0
61781,2080,51,5,23,1,1,1
63583,574,59,9,3,0,0,0
49253,667,33,0,4,0,0,0
6468,284,95,1,6,1,0,0
27524,1745,92,2,5,0,1,0
45104,2235,88,8,12,0,0,0
83969,498,59,4,3,1,0,1
88752,1466,25,9,12,0,0,1
57085,130,71,9,3,0,0,0
50169,639,18,1,9,1,0,0
52426,2162,21,9,19,1,1,1
81161,2061,92,4,0,0,1,1
23498,2492,32,4,20,1,1,1
98493,2495,37,0,7,0,1,1
50961,986,34,2,6,0,1,0
75997,993,66,4,4,0,0,0
82005,2122,82,8,2,0,0,1
68677,101,9,9,14,1,1,1
65741,2224,90,0,16,1,0,0
9178,427,14,7,22,0,0,0
25103,41,10,0,12,1,0,0
62868,429,89,8,14,0,1,1
51147,344,23,5,18,0,0,0
71726,366,76,0,19,1,0,1
57760,609,95,7,13,1,1,1
49886,728,3,4,20,0,1,0
2025,2277,12,6,12,1,0,1
84076,825,72,6,11,0,0,1
26115,1376,56,6,23,1,1,1
33420,889,97,5,22,1,1,1
64981,2044,36,7,8,0,0,0
90927,1342,47,8,2,1,0,1
26389,1297,70,1,10,1,1,1
3489,117,0,6,9,0,0,0
25783,2416,59,1,0,0,1,0
13729,1118,11,5,16,0,1,1
61650,168,20,1,12,0,1,0
24926,1739,10,9,13,0,0,0
26730,1365,43,5,0,0,0,0
98862,695,57,1,1,1,1,1
46263,925,43,0,1,0,1,0
98611,152,77,6,6,0,1,1
66535,586,97,2,8,0,1,0
11753,913,33,3,23,1,0,0
28061,2322,24,5,3,0,1,1
82041,1578,3,4,1,0,1,1
74237,496,63,3,18,1,1,1
33762,2149,89,8,4,1,0,1
98918,557,15,5,8,0,1,1
56546,1106,9,5,23,1,1,1
21388,1553,65,1,12,1,1,1
95181,2121,34,5,11,0,1,1
36977,157,82,6,18,0,1,1
15413,735,5,7,8,0,0,0
80985,2180,18,7,9,1,0,1
72815,1428,58,8,18,0,0,1
10426,559,52,9,9,1,1,1
1660,2155,7,2,11,0,1,0
79248,2313,77,9,13,1,0,1
83286,155,9,6,7,0,1,1
26845,997,66,6,15,1,0,1
31990,2295,37,0,16,0,1,0
20122,531,28,7,19,0,0,0
52679,1972,14,3,3,0,0,0
70416,729,86,4,5,1,1,1
83947,1178,22,5,11,1,1,1
28480,154,81,2,17,0,0,0
2456,92,45,4,6,1,0,0
70426,2386,82,9,4,0,1,1
92547,1504,27,4,9,1,0,1
89999,1717,25,0,5,0,1,1
20149,2498,9,2,13,1,0,0
75817,2017,46,2,5,1,1,1
16182,787,3,0,13,1,1,1
761,273,54,6,11,1,1,1
37512,2028,65,0,21,1,0,0
3020,177,66,6,11,0,1,1
91294,643,6,3,7,1,1,1
60415,1899,54,8,9,1,1,1
79661,567,79,6,15,1,0,1
9046,666,30,4,19,1,1,1
94342,1332,73,6,7,0,1,1
45600,1799,18,8,8,1,1,1
16409,1070,27,9,12,1,1,1
55330,2350,80,5,19,0,1,1
98756,408,27,0,16,0,0,0
30127,1213,18,5,18,1,1,1
72641,1854,86,0,16,0,1,1
59421,1153,19,3,6,1,0,0
1056,1142,12,7,0,1,0,1
74231,144,76,4,19,0,0,0
48008,2490,42,4,13,1,0,0
78439,487,10,9,16,0,1,1
26063,860,47,7,12,0,0,0
39543,1936,14,7,1,1,1,1
99359,148,16,0,13,1,0,1
39163,1360,53,4,0,0,0,0
80918,1358,49,4,4,1,1,1
4803,90,27,7,6,0,0,0
65228,1358,82,0,18,0,0,0
72199,199,3,6,13,0,1,1
25949,538,21,6,23,0,0,0
31960,301,85,8,13,1,0,1
31685,724,38,1,14,1,0,0
22115,1599,33,2,4,1,1,1
77639,1460,96,3,4,1,1,1
43685,68,43,0,20,1,1,1
27058,1538,41,6,23,1,1,1
26117,398,39,9,1,0,1,1
76807,620,96,2,17,1,0,1
45450,1585,11,2,23,0,1,0
12301,1164,1,2,8,0,0,0
29526,730,27,7,9,0,1,1
17878,556,73,8,17,1,0,1
45341,1953,85,9,3,0,1,1
42329,1752,80,1,7,1,1,1
86752,2330,89,9,17,0,0,1
48464,996,66,9,19,1,0,1
98933,1960,70,0,16,1,0,1
84978,1602,71,8,15,1,0,1
57156,1481,83,5,17,1,1,1
27590,2135,75,8,6,1,0,1
20075,1103,98,5,0,0,0,0
26823,2352,80,1,0,1,1,1
23379,1404,91,0,17,1,0,0
78401,2178,9,7,3,0,0,1
11661,1300,85,2,22,1,0,0
66161,1723,56,0,19,1,1,1
88497,899,96,7,20,1,0,1
49253,1207,85,0,19,1,1,1
33242,1536,36,7,3,1,0,1
27016,78,76,0,5,0,1,0
64424,1533,90,8,2,1,1,1
45065,238,63,8,5,0,0,0
4748,1158,78,8,12,1,0,1
35233,1997,85,2,22,0,0,0
50777,1216,93,3,6,0,0,0
96159,278,39,4,23,0,0,0
94688,524,97,5,3,1,0,1
98417,180,59,8,0,1,1,1
70235,123,97,3,5,0,1,1
35146,1270,47,5,23,1,0,1
47164,1758,98,0,4,1,1,1
69450,1095,18,1,12,0,0,0
45993,480,71,7,18,1,0,1
61372,1798,32,3,3,0,1,0
92252,2132,43,9,23,1,0,1
67749,2405,91,6,5,0,1,1
64774,816,36,3,12,1,0,0
13860,443,88,8,4,1,1,1
22027,143,35,8,12,0,0,0
86575,192,80,3,9,0,1,1
61467,1411,87,7,2,1,1,1
98055,378,20,5,22,0,0,1
12688,535,1,0,12,0,0,0
52333,1717,30,6,11,0,1,1
44838,1033,96,0,3,0,0,0
33497,1411,29,2,9,0,0,0
82289,2141,75,7,2,1,0,1
76467,1990,43,8,16,0,0,1
71360,1178,11,2,8,0,0,0
76719,405,50,0,0,0,0,0
19916,1173,48,0,17,0,1,0
42340,889,23,6,8,1,1,1
6376,422,23,4,20,0,0,0
79630,1642,59,0,19,1,1,1
23599,472,10,5,8,1,0,1
88676,547,12,5,1,0,1,1
82595,631,90,3,18,0,0,0
71735,1038,71,6,15,1,0,1
85212,1830,73,6,2,1,0,1
36046,364,71,8,15,1,1,1
55304,2167,63,0,20,0,0,0
51986,546,19,4,12,1,0,0
71752,634,71,9,2,0,1,1
15663,1937,72,2,9,1,1,1
92424,1681,70,6,21,1,0,1
92564,963,77,3,17,0,1,1
9947,883,27,3,5,0,1,0
26255,871,1,0,5,1,0,0
79771,516,42,0,17,0,0,0
83410,1421,7,9,5,0,0,1
67378,866,12,1,5,1,0,0
18409,2154,84,1,21,0,1,0
719,1109,91,0,12,0,0,0
83294,214,34,7,13,1,0,1
50208,2245,22,5,20,1,0,1
34807,19,45,5,6,0,1,1
20437,642,14,9,12,0,0,0
81637,1105,1,9,14,0,0,1
66604,330,60,8,11,1,0,1
47714,866,75,4,20,1,1,1
91528,774,63,3,0,0,0,0
91255,392,51,5,2,0,0,1
381,637,35,7,17,0,0,0
27520,2355,66,0,21,1,0,0
80996,1026,68,6,7,1,1,1
39130,1675,66,7,1,0,1,1
1158,740,46,8,3,0,0,0
86313,1546,82,7,17,0,1,1
76360,469,1,6,12,0,1,1
28504,2260,43,2,14,1,0,0
29956,1136,63,1,1,0,0,0
9300,1032,80,2,9,0,1,0
64278,874,77,3,1,1,0,0
34097,460,27,3,20,0,0,0
25711,2301,90,5,11,0,0,0
41335,1550,53,6,4,0,0,0
35157,752,73,3,11,0,1,0
1339,1462,66,9,22,0,0,0
65761,1778,35,5,0,0,1,1
45372,854,62,8,1,1,0,1
89493,2284,24,5,15,0,0,1
61312,1330,85,2,21,1,1,1
15498,478,47,0,1,1,1,1
56603,2264,38,9,15,1,1,1
6738,135,46,9,19,1,1,1
6670,1153,93,4,15,0,0,0
68885,410,20,9,5,0,0,0
9210,1446,29,9,12,0,1,1
79241,1318,91,2,11,0,0,0
12215,1270,30,7,22,1,0,1
39162,1580,25,9,9,1,0,1
23011,86,21,0,4,1,1,1
32656,1866,20,1,7,0,1,0
78231,1470,0,2,5,1,1,1
2069,378,36,2,4,0,1,0
43853,1681,76,7,19,1,1,1
82911,1075,84,4,21,0,1,1
4570,242,45,7,5,1,1,1
10325,920,8,5,21,1,0,1
23296,1587,16,1,16,0,0,0
13769,2314,46,3,5,1,1,1
37480,1272,84,8,16,1,0,1
48420,70,94,3,4,0,0,0
47514,2105,58,4,22,1,1,1
15677,1406,53,4,16,1,0,0
88109,2087,85,9,16,1,0,1
55509,2008,11,7,12,1,1,1
28725,801,63,5,21,0,1,1
81140,1042,5,9,6,0,0,1
24189,825,52,6,21,1,1,1
36587,756,15,5,20,0,1,1
65938,2400,89,4,5,1,0,0
97099,1996,4,4,13,0,1,1
94895,1840,72,2,15,1,0,1
50238,1322,45,6,2,1,1,1
42923,2331,13,9,8,0,0,0
37308,1610,43,4,14,1,1,1
54161,110,62,6,20,1,0,1
30759,1017,93,1,17,1,1,1
31990,1962,51,8,9,1,0,1
79234,1770,25,7,9,0,1,1
47155,25,52,4,22,0,0,0
19608,843,28,1,2,0,1,0
42387,738,18,5,0,0,0,0
79016,2105,46,7,2,1,0,1
27084,180,7,6,4,1,1,1
8225,232,22,7,6,1,1,1
36159,1918,34,3,2,1,0,0
69669,343,94,2,3,0,1,0
17187,477,52,6,16,0,0,0
5804,1823,98,1,2,0,0,0
60676,455,95,4,22,1,0,0
73484,1256,57,6,3,1,0,1
87228,289,4,0,1,1,0,1
72560,1237,15,3,13,1,0,1
27308,2306,16,1,4,0,1,0
85250,530,31,5,20,0,0,1
66124,2277,95,0,1,0,0,0
39982,596,51,6,14,1,0,1
26023,435,19,2,10,0,0,0
29265,882,65,0,21,1,0,0
67303,1782,83,7,9,0,1,1
91849,402,81,6,19,0,1,1
4214,2136,0,1,0,1,0,0
65065,1566,57,6,18,1,0,1
36421,309,92,2,13,1,0,0
73397,343,92,8,22,0,1,1
96752,436,82,7,21,0,1,1
99404,177,43,4,13,0,0,0
25526,139,5,6,0,0,1,1
17872,194,49,2,8,1,0,0
3812,1185,71,0,16,0,0,0
1467,943,87,0,13,1,1,1
91836,525,19,1,12,0,1,1
52024,1625,13,7,12,1,1,1
3826,2258,4,0,5,1,1,1
89252,741,40,4,6,0,1,1
27823,862,39,8,1,0,0,0
9208,954,33,8,7,1,1,1
77814,1303,79,1,23,0,0,0
35743,1275,44,6,5,1,1,1
31424,1744,70,0,2,0,0,0
83460,2188,79,2,17,0,1,1
9027,792,70,5,17,0,1,1
93780,546,26,8,21,0,0,1
96646,1845,77,9,22,0,1,1
22543,1017,77,1,5,1,0,0
80073,1928,43,6,10,0,1,1
63549,1554,32,3,2,1,0,0
76843,57,32,1,15,1,0,1
60333,2160,43,2,4,1,1,1
25637,5,19,5,23,0,1,1
77676,1438,35,9,21,1,1,1
22712,1363,6,8,1,1,1,1
94077,1821,31,7,14,1,1,1
6571,1283,66,9,15,1,0,1
35731,2138,38,8,6,1,1,1
92159,1274,92,3,15,1,1,1
31448,1132,23,3,23,0,0,0
64832,668,85,8,3,1,0,1
1277,1282,69,7,15,1,1,1
4860,997,87,1,16,0,0,0
32879,1927,86,7,1,1,1,1
21736,282,53,0,15,0,0,0
81989,1228,37,8,3,0,0,1
53651,2064,73,8,6,1,0,1
11656,936,79,7,17,1,1,1
27698,254,74,4,5,0,0,0
11663,1212,31,4,17,0,1,0
46919,329,44,2,6,0,1,0
73870,1421,60,4,1,0,1,1
91155,1541,69,3,18,1,0,1
27066,1193,87,0,8,0,1,0
81809,1717,96,8,3,0,0,1
59989,2414,52,9,13,0,0,0
27087,1202,50,3,4,1,1,1
78814,655,75,2,6,0,1,1
58448,1386,55,5,7,0,1,1
24696,760,26,0,14,1,1,1
33274,1799,37,4,18,1,1,1
64206,1064,61,6,10,0,0,0
70067,416,17,1,19,0,0,0
59282,255,63,9,22,0,1,1
93400,1167,76,8,3,1,1,1
87263,1877,29,5,17,1,1,1
39410,900,48,1,13,0,0,0
56188,2059,40,7,5,0,0,0
9006,26,12,7,15,0,1,1
37014,421,33,0,17,1,1,1
45479,1245,99,0,0,0,0,0
78712,1877,93,0,7,0,0,0
37750,1261,24,3,0,1,1,1
46981,2285,65,3,0,0,1,0
46513,1009,99,7,18,1,0,1
6112,219,17,0,20,1,0,0
50215,1511,4,9,9,0,0,0
7251,1960,18,2,17,1,0,0
57816,663,41,0,11,1,0,0
93847,990,17,8,16,0,1,1
92753,189,31,9,0,1,1,1
36478,255,20,8,7,1,0,1
42752,68,9,6,9,0,0,0
72530,616,36,7,9,0,0,1
13567,2384,48,0,17,0,0,0
31110,874,85,4,8,0,1,0
54791,2348,12,1,1,0,1,0
64257,1626,54,0,2,1,1,1
12389,357,16,2,1,1,1,1
45076,256,8,6,5,1,0,1
43696,1008,87,0,22,1,0,0
23271,2401,43,1,11,1,1,1
86465,1756,77,1,21,0,0,0
99690,284,45,3,18,0,1,1
44239,99,7,2,14,0,0,0
48813,197,36,2,18,0,0,0
29834,878,18,9,11,1,1,1
72688,1869,62,4,17,0,0,0
63746,1389,91,2,15,0,0,0
3754,2416,45,6,1,1,0,1
89122,570,93,4,10,1,1,1
18843,1066,70,3,11,0,0,0
48468,422,25,2,4,1,0,0
90125,1205,45,3,23,1,0,1
74272,545,45,1,5,0,1,1
6541,71,74,0,10,1,0,0
24711,1224,13,2,20,0,0,0
12249,768,84,1,9,1,1,1
59289,2355,62,0,3,1,0,0
21775,1707,71,0,8,1,0,0
71131,2425,2,1,11,1,0,1
42768,655,27,8,9,0,1,1
13773,2447,28,4,13,1,0,0
76766,1797,86,8,4,0,0,1
88304,221,17,7,0,0,1,1
80858,182,34,5,4,1,1,1
65529,307,76,0,15,1,0,0
23769,1420,75,9,4,0,0,0
34168,1014,46,4,4,1,0,0
88889,2052,4,0,17,1,1,1
9535,848,74,6,5,0,0,0
94188,804,58,9,20,1,1,1
52349,215,74,7,17,0,0,0
37484,1444,58,7,9,1,1,1
82029,101,46,6,14,1,1,1
76253,573,94,1,23,1,1,1
75488,1333,94,4,21,1,0,1
31501,658,12,3,10,1,1,1
71931,1534,77,4,18,1,1,1
34184,1657,88,9,12,0,0,0
55926,226,32,8,19,0,1,1
36551,105,96,3,2,1,1,1
7327,1998,61,7,15,1,0,1
32010,772,78,7,6,0,1,1
36141,429,15,1,11,0,0,0
89020,434,43,5,14,0,0,1
65781,1231,57,4,7,1,0,0
81671,866,5,1,22,1,1,1
65581,2416,88,9,16,1,0,1
68676,251,14,3,0,0,1,0
64274,856,3,6,20,0,1,1
26260,1194,55,0,7,1,1,1
17733,561,63,8,13,0,1,1
94980,1470,67,9,9,1,0,1
17114,2342,93,0,18,1,0,0
80632,919,33,4,7,0,1,1
49204,1174,90,6,18,1,1,1
41721,433,94,7,3,0,0,0
77331,2107,55,1,9,0,0,0
68488,969,31,3,22,1,0,0
16114,836,8,1,2,1,1,1
92678,2247,62,3,3,0,0,0
33855,2263,71,5,15,1,0,1
40490,898,77,5,23,0,0,0
23811,472,32,1,3,1,1,1
91758,247,86,3,19,0,0,0
58093,2430,20,3,19,0,0,0
74796,991,54,0,12,1,0,1
27313,927,75,1,20,1,1,1
57884,1192,56,2,16,0,1,0
7521,1075,1,4,22,0,0,0
87036,1835,12,7,15,0,1,1
99173,689,3,5,16,0,1,1
17827,2428,83,2,5,1,0,0
4458,1485,49,5,2,1,1,1
65208,960,47,6,19,1,0,1
94118,478,77,5,23,0,1,1
32217,707,29,9,3,1,1,1
88800,1138,28,5,7,0,0,1
32010,754,7,0,19,0,0,0
98132,1660,11,2,8,1,0,1
55854,588,40,6,21,1,1,1
62538,1335,25,3,0,0,1,0
29471,1493,49,3,12,0,1,0
51601,1848,1,6,1,1,1,1
61046,207,54,8,22,0,0,0
38567,2199,55,1,9,1,0,0
17725,165,13,8,22,1,0,1
33993,1999,5,2,18,0,0,0
76429,2085,94,5,16,0,0,1
31107,333,80,3,23,0,1,0
91402,403,88,0,12,0,1,1
39632,414,60,8,13,0,0,0
54353,45,95,5,10,1,1,1
12423,2254,11,7,9,1,1,1
73479,62,12,1,6,1,1,1
14310,2468,18,6,9,1,0,1
16556,868,43,5,23,0,1,1
31467,1492,88,1,0,1,0,0
54724,19,94,1,13,0,1,1
10206,365,58,3,2,0,1,0
68108,2476,36,3,12,0,0,0
72340,1141,24,2,1,0,0,0
64415,580,15,7,16,0,0,0
69349,546,37,6,20,1,0,1
70687,1730,42,1,2,0,1,1
10856,2373,86,2,14,0,0,0
68111,55,13,9,7,1,0,1
36478,778,5,8,5,1,1,1
4355,42,88,4,8,1,1,1
14584,1321,22,1,10,0,1,0
56649,231,59,2,21,0,0,0
34603,453,11,7,1,0,0,0
73894,2442,12,3,8,0,1,1
45213,1546,99,1,17,1,1,1
74169,1382,97,1,18,1,1,1
98217,1468,5,5,21,1,0,1
5349,1152,62,7,17,1,1,1
19301,2440,37,6,4,1,0,1
58676,1217,49,3,17,1,0,0
9786,881,51,1,11,0,1,0
53463,85,39,8,3,0,0,0
97643,1054,7,3,14,1,0,1
761,49,60,8,10,1,0,1
44943,1169,7,4,18,1,0,0
95773,69,96,6,4,1,0,1
61063,1702,33,4,5,0,0,0
42928,1599,78,1,12,0,1,0
48704,2195,99,5,22,0,0,0
10626,1870,59,6,9,1,1,1
69010,1016,56,5,23,1,0,1
25692,446,98,2,13,1,1,1
29082,2269,45,9,3,0,1,1
307,1402,21,7,19,0,1,1
88833,2143,86,2,22,0,0,0
99036,262,39,4,11,1,0,1
68719,1849,44,8,14,0,0,0
29428,897,54,4,9,0,0,0
46579,1095,50,6,10,1,0,1
20203,2267,85,6,8,0,0,0
39991,1557,4,4,10,1,1,1
10854,92,94,1,1,1,0,0
81537,127,12,4,12,1,0,1
98640,80,27,6,21,0,0,1
73082,1848,83,6,7,0,1,1
56022,983,96,3,20,1,1,1
48331,916,79,0,20,0,1,0
29401,694,61,5,7,1,1,1
91752,25,92,2,0,0,0,1
62811,156,86,4,5,1,0,0
41423,1813,23,3,12,1,1,1
18852,1554,97,1,8,0,1,0
98012,1967,6,6,5,1,0,1
82305,1734,37,4,14,1,1,1
98552,1081,36,6,22,1,1,1
13495,1629,67,8,15,1,1,1
86057,19,97,3,3,1,1,1
56373,1408,41,4,16,0,0,0
91978,1217,85,8,8,0,1,1
4995,2285,4,9,11,1,0,1
76659,1411,63,3,21,0,1,1
10799,277,49,4,18,1,1,1
65161,745,86,4,19,1,0,0
9815,552,14,7,11,1,0,1
19269,1177,94,3,21,1,1,1
16263,639,72,3,5,1,1,1
5882,237,52,6,11,0,1,1
88277,998,24,4,8,0,0,0
84428,2103,88,5,19,0,1,1
35685,2004,84,5,4,0,1,1
30782,1460,8,5,20,0,0,0
47964,2157,37,9,2,0,1,1
84516,1208,21,4,1,1,1,1
55214,1392,86,4,7,0,1,0
38167,2007,48,8,9,1,0,1
42785,1222,67,7,14,1,1,1
18173,1395,92,3,8,0,1,0
36135,373,14,6,9,0,1,1
65077,1521,64,7,10,1,1,1
90473,2249,53,8,8,1,0,1
83462,849,29,4,13,1,1,1
90617,1346,92,2,4,1,1,1
65550,2323,19,3,8,1,1,1
10482,2259,32,9,3,0,1,1
4537,504,99,5,1,0,0,0
71071,703,85,9,18,1,1,1
64712,2090,76,4,0,1,1,1
90455,315,6,8,20,1,0,1
62029,2377,7,2,0,1,1,1
97618,1041,27,1,11,1,0,1
98964,283,44,5,10,1,1,1
12429,258,72,6,0,1,0,1
25269,575,88,4,13,1,0,0
87568,574,79,0,10,0,1,1
34694,1043,73,2,6,1,0,0
77057,1553,10,2,1,1,0,1
60731,423,30,3,14,0,1,0
45133,1490,11,9,7,1,1,1
63233,1397,94,5,21,1,1,1
73265,758,77,4,19,1,1,1
73961,1105,50,0,14,1,1,1
52390,1575,43,5,7,0,1,1
94131,2472,95,8,9,1,1,1
31850,429,49,0,18,1,1,1
95255,2022,16,7,2,1,1,1
40561,204,34,7,19,0,0,0
73900,2244,0,2,13,1,0,1
78322,2333,28,8,8,1,0,1
24326,1993,50,7,8,0,0,0
6821,2244,63,2,20,0,0,0
56254,307,3,9,5,0,0,0
20709,1688,86,4,7,0,0,0
52230,14,27,2,10,1,1,1
73009,1861,15,4,7,0,0,0
55349,1962,62,8,11,0,0,0
48995,1081,75,3,9,0,0,0
94573,723,52,5,22,1,0,1
5756,780,84,2,3,0,0,0
74620,1234,16,2,15,1,1,1
63840,529,39,4,19,1,0,0
64409,798,12,7,5,0,0,0
30084,344,51,7,8,1,1,1
73922,1303,57,2,22,0,0,0
6001,209,95,7,4,0,1,1
31652,641,36,7,20,1,1,1
91345,1312,78,2,23,1,1,1
31155,2300,75,9,5,1,0,1
37785,2319,60,9,16,1,0,1
74065,1948,78,1,16,0,1,1
14816,920,33,9,23,1,0,1
11238,1724,69,1,21,1,0,0
35398,2045,16,8,12,1,1,1
51212,419,19,6,16,1,1,1
23529,1750,72,5,13,0,0,0
50300,1389,58,6,1,0,1,1
71408,1100,68,7,18,1,1,1
48344,2481,86,0,2,1,0,0
17447,2157,32,7,1,0,0,0
17020,1546,77,2,1,0,1,0
31922,1071,16,2,21,0,0,0
46759,2427,56,5,6,0,0,0
40208,1851,82,3,3,1,0,0
89199,1120,96,3,16,1,0,1
8067,958,0,3,5,0,0,0
11971,103,12,9,6,0,0,0
94399,1170,26,8,19,1,1,1
77552,1904,69,7,5,1,1,1
74370,1756,58,2,8,0,1,1
33713,679,5,0,19,1,1,1
28279,1969,96,0,3,0,1,0
52288,989,93,0,4,1,0,0
55199,1106,98,3,18,1,0,0
35362,2476,22,5,9,0,1,1
78313,1608,9,3,17,1,0,1
18368,1503,50,2,14,0,1,0
77966,1790,18,7,0,1,0,1
86369,1186,50,7,4,0,1,1
60645,932,91,5,4,0,0,0
92922,1426,86,8,7,0,1,1
72246,1062,67,9,21,1,0,1
72066,1979,83,0,21,0,1,1
40022,2441,82,7,21,0,0,0
79464,2043,41,5,19,1,0,1
43013,1279,90,0,14,1,1,1
97133,1203,56,3,16,0,1,1
55777,594,97,4,18,0,1,0
49941,2437,67,6,12,1,1,1
46432,1422,37,7,21,1,1,1
92162,2206,61,8,20,1,1,1
95794,1028,6,5,9,0,1,1
25132,2215,70,9,16,1,1,1
37946,960,49,8,4,0,0,0
59574,2457,51,3,17,0,0,0
45036,2242,25,7,16,0,0,0
29894,2283,25,2,3,1,0,0
61688,1174,18,3,21,1,1,1
71084,816,8,9,6,1,0,1
50431,404,60,3,4,0,0,0
94497,893,19,5,7,0,1,1
28241,68,49,8,7,1,0,1
9174,88,79,5,10,1,1,1
6506,2265,80,0,8,0,0,0
97459,2049,21,4,18,0,0,0
23391,1159,12,8,18,0,1,1
41668,1721,11,4,8,0,1,0
97639,1375,9,5,22,1,0,1
46951,2188,64,2,19,0,0,0
54923,2181,95,7,16,0,0,0
23412,1644,29,9,15,1,1,1
43208,178,7,3,6,1,1,1
67018,1382,20,3,21,1,1,1
34271,2428,21,4,2,1,1,1
41879,908,17,9,20,0,1,1
68928,2498,65,8,18,0,1,1
98823,586,47,7,7,0,0,1
12511,990,43,6,4,0,1,1
57109,1132,8,4,5,0,1,0
15522,2170,66,8,1,1,0,1
42568,2065,53,8,23,1,0,1
32471,1220,25,9,18,0,1,1
57122,2375,84,9,12,1,1,1
71329,318,93,1,5,0,1,1
99171,1503,91,3,5,0,1,1
51296,2035,99,7,1,0,0,0
80454,2043,25,0,23,0,0,0
96874,503,33,4,4,0,0,0
96510,2023,7,7,10,1,1,1
26815,119,9,1,10,1,0,0
27705,710,47,1,23,0,1,0
99953,45,54,7,13,0,0,1
31274,314,53,9,12,1,1,1
10056,418,77,8,7,0,1,1
76473,1102,39,6,14,0,0,1
69352,326,14,7,11,0,0,0
62049,1440,80,4,2,1,1,1
62746,1987,17,0,20,0,0,0
70117,2262,95,3,22,0,1,1
63137,74,22,1,4,1,1,1
89918,1603,61,2,5,0,0,0
6648,509,45,2,1,0,0,0
73394,2380,86,8,7,1,1,1
23277,688,98,9,4,1,1,1
24122,657,38,3,21,0,1,0
5642,1543,14,1,16,1,1,1
91112,1293,52,2,1,0,1,1
96420,1400,87,2,10,0,1,1
60528,1553,63,6,3,1,0,1
22840,1076,62,7,10,0,0,0
59453,325,91,5,8,1,0,1
90453,992,79,3,5,1,1,1
56632,1994,15,5,23,1,1,1
16152,717,69,0,1,0,0,0
47176,277,65,9,14,1,0,1
53520,152,12,7,4,0,0,0
771,955,46,0,11,1,1,1
263,1507,8,4,12,1,1,1
41524,259,62,1,16,0,1,0
53844,2372,33,5,3,0,0,0
70431,869,80,8,9,1,0,1
10734,1192,90,4,0,0,0,0
4898,688,28,3,10,0,1,0
22520,310,36,1,15,1,0,0
29400,1503,42,2,10,1,0,0
89981,473,85,5,8,0,1,1
10849,814,63,7,1,1,1,1
25221,846,23,7,6,1,0,1
37587,1165,70,4,18,1,1,1
94047,667,33,4,17,0,0,0
33461,2310,47,9,19,0,1,1
21323,1809,11,2,6,0,1,0
73030,1444,22,6,22,1,1,1
14156,1768,78,5,8,0,1,1
28480,1265,96,0,11,1,1,1
26135,355,12,3,2,1,1,1
30720,1873,86,5,22,1,0,1
19977,2025,95,5,21,1,0,1
55416,180,44,2,15,0,0,0
64141,66,98,5,6,1,1,1
53452,820,64,9,22,1,1,1
31011,1372,46,5,4,0,0,0
32884,171,57,8,22,1,0,1
3291,1391,4,8,6,0,0,0
33260,1131,76,1,18,0,1,0
90636,2487,4,3,16,0,0,0
64741,835,59,8,15,1,0,1
49823,227,95,3,20,0,0,0
3731,442,20,7,23,1,0,1
6272,2444,23,9,20,0,1,1
42180,728,17,2,18,0,0,0
89197,1605,20,2,17,0,0,0
90453,2132,53,8,18,0,1,1
20381,1037,9,9,3,1,1,1
28771,1833,23,7,0,1,1,1
51531,1849,84,0,3,0,1,0
91000,493,88,9,3,0,1,1
93061,1549,59,1,8,0,0,0
28702,1144,56,2,7,1,0,0
88889,970,22,1,1,0,0,0
51499,2401,21,2,22,0,1,0
23572,2088,67,7,5,1,0,1
49330,640,33,5,22,0,1,1
73716,173,69,6,10,0,1,1
7199,1571,27,9,3,0,0,0
25531,259,94,9,13,0,1,1
56592,517,98,5,20,1,0,1
96822,523,38,0,21,1,1,1
47784,1918,41,2,8,1,0,0
30211,2165,22,0,1,0,1,0
64036,2232,69,9,0,0,1,1
22714,1930,79,8,3,1,1,1
92360,1140,1,8,11,0,0,1
42091,2210,23,4,4,0,1,0
70576,839,16,3,8,1,0,1
61020,1090,64,8,21,1,1,1
94394,1094,69,8,3,0,0,1
63630,2495,68,2,15,1,1,1
36324,2464,59,4,1,0,0,0
7888,2489,49,2,15,1,1,1
28182,1970,92,9,15,1,1,1
89670,2444,11,1,20,0,1,1
76916,1575,46,0,23,0,0,0
83688,1581,66,9,23,1,1,1
16631,2443,64,1,21,0,1,0
88440,2374,26,7,10,0,1,1
94539,1115,47,7,0,0,0,1
44957,750,87,2,14,1,1,1
10242,1094,61,6,23,0,0,0
48455,1190,43,6,3,0,0,0
9966,2262,18,1,17,1,1,1
70167,1876,58,8,16,1,1,1
64127,1788,7,2,6,1,0,0
58006,2417,54,1,17,1,0,0
28238,1608,46,2,12,0,1,0
92701,49,1,1,19,0,0,0
30056,1076,93,7,19,1,0,1
76395,1313,93,4,9,1,1,1
5539,1650,38,2,0,0,1,0
47341,2181,44,4,1,0,0,0
42633,1190,31,7,16,1,0,1
28370,1398,64,6,21,0,1,1
78915,2421,37,5,2,0,0,1
39379,1829,76,0,16,1,0,0
23988,479,10,9,11,1,1,1
17730,832,9,0,23,1,0,0
61163,1615,58,0,11,1,0,0
35244,682,89,9,19,0,0,0
52261,1324,54,7,9,1,0,1
96818,82,19,7,6,0,1,1
91174,87,80,6,9,0,0,1
77460,2273,16,5,17,0,0,1
51079,2064,67,3,21,1,1,1
97761,822,4,0,5,0,0,0
7079,163,59,8,6,1,0,1
26289,2398,22,0,16,1,1,1
42700,1933,45,3,11,1,0,0
59660,1851,51,2,16,0,0,0
78140,1861,9,6,17,1,0,1
61658,1116,45,4,13,1,0,0
86305,2229,27,4,10,0,0,0
7010,1883,96,3,1,1,0,0
57813,923,42,0,20,0,0,0
46957,2176,25,4,0,0,1,0
35064,1450,54,3,10,1,1,1
85767,1583,47,9,1,1,1,1
25327,565,28,7,15,1,0,1
6078,471,26,1,21,1,1,1
87627,988,17,7,2,0,1,1
17253,1935,59,0,19,1,1,1
59865,224,73,3,0,1,1,1
99184,2202,68,2,20,0,0,0
39171,351,73,4,19,1,0,0
69619,1929,20,4,7,1,0,0
9603,349,23,4,18,1,1,1
60803,182,2,3,0,1,0,0
64479,637,94,7,4,1,1,1
95557,1018,61,2,0,0,0,0
57966,2227,1,3,10,1,0,0
17005,772,65,0,20,0,1,0
45938,1016,41,6,8,0,1,1
58379,2112,33,0,4,0,0,0
89589,29,41,1,1,0,0,1
26906,2420,19,6,12,1,0,1
45100,2145,96,0,17,1,1,1
22268,1894,67,2,11,0,1,0
70219,1466,44,5,13,1,1,1
38814,1227,74,5,4,1,1,1
54193,2069,41,5,23,0,0,0
55519,1126,46,1,9,1,1,1
49245,66,4,1,19,0,1,0
77525,1135,88,5,1,0,1,1
93049,338,48,9,3,1,0,1
77911,2171,36,4,11,1,0,1
2561,1729,33,6,10,1,1,1
14391,447,72,6,3,0,1,1
46904,281,69,4,10,0,0,0
77071,596,17,7,8,1,0,1
93571,1987,77,9,9,0,1,1
65046,1075,18,5,5,1,0,1
99089,210,77,4,14,1,1,1
84180,126,39,3,9,1,0,1
61432,492,16,6,21,1,1,1
77894,970,59,3,20,0,1,1
30941,581,98,4,5,1,1,1
48858,2306,92,4,0,0,1,0
76372,1212,41,0,20,0,0,0
37743,230,80,0,21,0,0,0
50508,189,71,2,23,0,1,0
44050,2058,64,2,19,0,0,0
56949,502,52,1,20,0,1,0
28144,2133,99,1,3,1,0,0
16097,49,6,5,22,0,1,1
79851,689,4,0,21,1,0,1
98705,387,23,5,13,0,0,1
24011,970,27,4,19,1,0,0
55633,1006,61,5,21,1,0,1
82666,2266,16,4,19,0,1,1
94970,1725,19,6,7,1,1,1
14671,2005,2,0,10,1,0,0
94563,2303,36,2,14,0,0,0
58041,2284,89,5,18,0,0,0
58105,1608,14,0,7,0,0,0
86350,1790,50,6,12,0,1,1
58812,271,47,3,17,0,0,0
43641,123,7,2,21,0,0,0
23487,1281,12,9,23,0,0,0
94080,1445,47,8,16,0,0,1
49008,259,2,0,5,1,0,0
85557,948,64,7,14,0,0,1
13157,2095,72,0,12,1,0,0
64128,863,30,4,17,0,0,0
55831,525,25,9,10,0,1,1
24958,888,80,7,12,0,0,0
48789,208,55,5,0,0,0,0
44738,149,33,6,17,1,0,1
91698,438,8,7,4,1,0,1
46586,2203,61,5,5,0,1,1
20667,1722,12,5,0,1,0,1
29839,358,68,5,6,0,1,1
57904,1241,40,4,3,1,1,1
3854,1931,76,7,8,0,1,1
27144,456,0,1,14,1,1,1
67360,1633,88,6,5,1,0,1
67012,629,46,3,16,1,1,1
8806,486,3,0,19,0,1,0
8994,200,99,4,17,1,0,0
18137,371,62,2,21,0,1,0
84086,1014,51,3,3,1,1,1
82042,1983,9,6,8,0,1,1
51712,1472,27,4,13,0,1,0
29825,248,5,3,2,0,0,0
6026,788,26,0,0,1,1,1
9596,2312,11,5,10,1,0,1
56547,2079,61,9,0,0,0,0
29906,1522,51,5,11,0,0,0
88299,1273,47,6,8,0,1,1
41421,605,66,0,4,1,1,1
65195,1690,45,3,14,1,0,0
22756,1418,96,8,17,1,0,1
55247,1821,73,9,8,1,0,1
91496,502,94,5,12,1,0,1
49766,549,14,1,12,0,0,0
82468,1366,70,3,23,0,0,0
38887,839,35,5,12,0,1,1
63046,1431,13,3,9,0,1,0
21827,1449,77,9,9,1,1,1
95181,848,2,6,21,1,0,1
68156,614,66,2,6,0,1,0
3181,412,85,5,21,1,0,1
34296,2480,18,3,4,0,0,0
36835,678,98,2,19,1,1,1
80202,159,75,2,6,1,0,1
79678,2062,53,1,19,0,1,1
25598,373,68,2,9,0,1,0
76965,2273,9,9,9,0,1,1
31756,1097,32,0,20,1,0,0
67795,603,12,2,23,1,0,0
38000,216,98,8,12,1,0,1
84999,1997,50,3,14,0,1,1
47801,1565,31,2,5,0,0,0
19133,1841,74,7,19,0,1,1
10905,1963,23,0,11,1,0,0
35951,727,34,4,18,1,1,1
26932,1245,82,0,10,0,1,0
63537,1066,69,6,5,0,0,0
14044,676,39,4,0,0,0,0
19973,283,53,1,1,1,1,1
40472,1082,43,0,22,1,1,1
89564,1909,61,6,14,0,0,1
15479,1153,98,0,3,0,1,0
36851,948,67,2,4,0,0,0
89922,665,32,5,14,1,0,1
5210,1718,76,5,10,1,1,1
54441,1149,55,6,9,1,0,1
12187,67,35,0,16,0,1,0
23862,2054,53,6,1,0,0,0
82717,637,18,1,19,0,1,1
9696,314,42,5,23,0,0,0
18413,565,11,7,9,0,0,0
66649,1602,10,4,19,0,1,0
23805,826,69,9,2,0,0,0
67464,1106,11,2,18,0,1,0
73545,1026,90,7,4,0,1,1
78745,2252,40,7,2,0,1,1
2123,662,24,3,7,0,1,0
59896,805,2,7,4,1,1,1
80173,2452,2,4,11,0,0,0
92297,536,83,4,13,0,0,0
64529,1392,27,2,6,1,0,0
61727,1236,22,6,10,0,0,0
33948,1921,47,8,7,1,0,1
37904,2165,66,8,4,1,0,1
15479,628,41,0,7,0,0,0
59764,749,87,0,11,0,1,0
27866,105,39,9,14,1,1,1
68199,46,5,4,18,0,1,0
36160,1355,19,0,15,0,0,0
94833,1240,10,3,13,0,1,1
69222,982,95,0,6,1,0,0
16187,960,26,1,7,1,0,0
48968,1516,20,1,6,0,0,0
23325,1837,12,3,17,0,1,0
95386,2497,85,7,23,1,1,1
6743,1482,34,1,5,1,1,1
93159,1560,46,8,18,0,0,1
36827,1508,85,8,3,0,0,0
11105,2064,27,1,22,0,0,0
65797,2001,20,0,2,1,0,0
16129,2291,17,9,16,1,1,1
14326,1974,30,9,21,0,1,1
63746,912,59,8,18,1,1,1
60703,1295,36,1,14,0,1,0
28831,1803,20,7,5,0,0,0
69026,1754,13,2,11,0,0,0
6097,115,88,0,18,0,1,0
55606,1604,90,0,5,0,0,0
78329,1323,59,9,10,1,0,1
49915,1861,22,1,19,1,1,1
42192,2445,94,6,19,0,1,1
62639,2442,28,5,9,1,0,1
66177,1099,46,1,15,0,1,0
21917,978,29,3,17,1,1,1
37961,1506,89,1,13,1,1,1
13528,1127,83,0,3,1,1,1
44034,297,37,2,11,1,1,1
10358,2226,82,3,19,0,1,0
57875,2363,26,9,22,1,1,1
81680,1063,88,4,20,1,1,1
95047,259,86,4,7,1,1,1
5569,2055,92,6,6,1,0,1
28954,2097,14,9,8,1,1,1
6356,2209,58,7,23,1,1,1
76356,1893,2,8,16,1,1,1
34037,176,9,6,9,1,0,1
99234,1001,78,4,2,0,1,1
1751,1919,79,8,20,0,1,1
50388,1668,16,7,7,0,0,0
84830,276,82,9,13,1,0,1
25151,676,10,8,6,0,1,1
27486,1824,47,9,15,0,0,0
75154,1052,4,7,17,0,0,1
16284,1357,68,5,10,1,0,1
33887,2104,63,3,5,0,0,0
21721,547,13,8,19,0,0,0
75664,1136,49,8,20,0,1,1
78084,2084,25,9,13,0,0,1
59892,2041,71,9,20,0,1,1
45353,439,68,8,12,0,1,1
34151,1753,6,9,3,0,1,1
49911,1616,15,2,19,1,0,0
30547,1850,54,2,19,0,1,0
84030,1601,77,5,10,0,0,1
30354,1664,55,5,17,1,1,1
84145,307,3,5,0,1,1,1
57518,619,99,4,11,1,1,1
14572,1133,47,4,17,1,0,0
3571,1396,16,1,6,1,1,1
95904,2405,35,6,11,0,0,1
8429,2229,69,3,0,0,0,0
34965,1380,79,2,21,0,0,0
46950,1700,92,7,3,1,1,1
54320,2116,99,3,17,0,1,0
93908,2340,37,3,14,0,1,1
6497,181,61,7,2,1,1,1
98009,2482,47,0,6,1,0,1
35625,1488,9,8,5,0,1,1
53172,914,35,6,14,1,0,1
90206,1558,28,1,14,0,0,0
83920,2114,77,5,5,1,1,1
84630,1045,3,7,7,0,1,1
23384,1636,43,4,7,0,0,0
61430,2432,55,5,21,0,0,0
83469,1639,41,9,0,1,1,1
25222,1583,99,7,12,1,1,1
70653,2087,12,5,22,1,1,1
82006,1309,45,8,23,1,0,1
94888,822,81,8,20,0,0,1
62912,602,32,8,12,0,1,1
8099,1621,20,5,10,0,0,0
22536,785,79,8,3,0,0,0
43063,1212,78,2,6,1,0,0
2196,671,56,4,11,1,0,0
25379,1267,68,1,12,1,1,1
26301,1097,69,7,21,1,0,1
19815,1998,66,3,11,0,1,0
29409,101,47,5,15,1,1,1
15178,1780,75,5,5,1,0,1
56714,176,99,4,13,1,1,1
5205,238,32,0,18,0,1,0
94948,1123,35,6,15,0,1,1
2939,1978,32,9,3,0,0,0
69020,2004,30,7,4,1,1,1
43719,1538,20,0,8,0,0,0
42921,755,26,9,23,0,1,1
13593,2259,90,6,2,0,1,1
17169,1147,71,3,21,0,1,0
7631,1412,61,5,9,0,1,1
37151,140,95,8,16,0,0,0
7836,541,25,4,18,1,1,1
7810,1415,65,7,9,1,1,1
67255,270,11,4,11,0,1,0
14075,1036,21,1,22,1,0,0
62524,1891,16,3,6,0,0,0
45703,506,6,1,17,1,1,1
23352,1130,67,6,18,0,1,1
80897,2080,36,6,14,1,1,1
1531,1873,37,2,6,0,1,0
74703,1093,95,6,11,0,0,1
37581,813,10,0,21,1,0,0
92673,362,0,0,6,0,0,0
9657,1457,24,8,9,1,1,1
75071,929,41,5,23,0,1,1
262,100,51,4,21,0,1,0
34842,1682,23,5,19,0,1,1
19775,2057,52,5,9,0,0,0
74097,1053,55,0,22,1,0,1
17115,921,62,4,4,1,0,0
50157,2438,80,8,17,1,1,1
32691,632,7,3,8,1,1,1
93683,682,58,2,15,1,1,1
9933,2205,44,0,6,0,1,0
7996,2383,26,1,9,0,1,0
33072,2308,51,2,4,1,0,0
49833,2130,17,3,6,0,1,0
41900,754,90,6,4,1,1,1
96144,1465,85,5,14,0,0,1
5447,720,15,7,18,1,0,1
59163,75,65,8,9,0,1,1
95950,1294,4,5,7,0,0,1
2743,1923,81,6,23,1,1,1
40885,62,2,3,8,0,1,0
18781,874,90,1,10,1,0,0
50126,320,80,8,21,0,1,1
15992,2150,79,8,1,1,1,1
47399,1453,69,3,2,0,1,0
17173,874,6,2,12,1,0,0
30782,1746,49,9,10,0,0,0
97898,2303,13,5,9,0,0,1
96994,1556,37,2,14,1,0,1
14389,112,78,0,5,1,1,1
8027,461,46,3,0,1,0,0
48430,887,32,0,13,1,1,1
66807,1116,42,1,17,0,0,0
77554,1076,90,2,23,0,0,0
65528,520,28,7,10,0,1,1
50701,812,56,9,7,0,0,0
77565,2284,4,3,21,0,0,0
2639,1925,92,3,2,1,1,1
22769,1605,95,9,13,1,0,1
71068,927,59,8,1,1,1,1
20744,557,69,6,15,1,0,1
18845,2282,1,1,5,1,1,1
28328,1056,69,2,0,0,0,0
34621,579,42,3,13,0,1,0
97339,542,3,3,9,1,0,1
27028,2162,55,9,5,1,1,1
18422,2252,92,7,8,1,0,1
57814,1053,58,9,6,0,0,0
87996,474,88,9,1,1,0,1
62392,2301,8,5,10,1,1,1
29155,905,2,2,13,1,1,1
42991,1946,89,8,4,0,0,0
82012,386,47,9,8,1,0,1
6688,62,42,7,6,0,0,0
90636,515,90,8,13,1,0,1
6404,430,99,4,15,1,0,0
7445,580,95,2,21,0,0,0
29400,1561,0,3,15,0,0,0
24359,1165,56,4,6,1,0,0
91106,1324,52,8,9,1,0,1
88653,2359,15,8,20,0,0,1
15452,471,50,2,5,0,1,0
33465,1417,74,6,16,1,1,1
19546,1666,89,5,0,0,0,0
2436,1469,54,3,1,0,0,0
62132,809,0,4,13,1,0,0
75515,172,89,9,3,1,1,1
97952,31,27,1,8,1,1,1
98976,47,52,6,22,0,0,1
7621,130,57,3,5,1,0,0
71807,2400,72,1,16,1,0,1
23581,978,59,5,20,0,1,1
18574,1646,58,1,10,1,1,1
46860,1605,21,9,3,0,1,1
55818,58,7,1,20,0,1,0
44729,1130,48,6,8,1,0,1
45332,1354,41,0,15,1,0,0
86644,768,26,6,2,0,0,1
67269,683,38,9,3,1,0,1
50769,2009,82,4,23,0,0,0
78121,2334,24,0,2,0,1,1
69284,1791,37,5,12,1,0,1
48045,1478,84,6,18,1,0,1
13240,886,23,0,20,0,1,0
83557,397,23,8,0,0,0,1
14457,1539,59,6,22,1,0,1
68773,2074,82,0,22,0,0,0
65733,313,49,2,5,0,1,0
77043,2174,65,4,21,0,0,0
96211,1589,13,3,2,1,1,1
78358,1222,52,1,2,0,1,1
13024,811,31,0,15,0,1,0
69386,2236,95,3,9,1,1,1
93369,2033,91,6,16,0,0,1
74171,1508,47,3,6,0,1,1
57426,450,38,8,12,1,0,1
90123,1895,39,7,10,1,1,1
30751,1378,41,7,9,1,0,1
70302,597,76,4,6,1,0,1
48877,2148,75,0,23,1,0,0
17094,616,7,8,5,0,0,0
67363,948,78,1,23,0,0,0
59734,1582,25,5,0,1,0,1
10900,556,11,9,16,0,0,0
37923,278,42,4,11,1,0,0
63978,2014,50,9,3,0,0,0
18808,491,90,7,2,0,0,0
12919,255,81,2,5,0,1,0
75005,2429,99,5,15,1,0,1
63970,892,62,5,12,1,0,1
9383,542,48,9,8,1,0,1
30673,1288,26,2,10,0,1,0
78807,1634,8,6,19,1,1,1
31033,825,38,3,20,0,0,0
5874,1353,64,4,12,0,0,0
72155,281,70,8,22,1,1,1
11083,1299,89,5,18,0,0,0
96568,773,70,9,2,0,0,1
96434,328,6,3,11,0,1,1
18233,2259,71,7,18,1,1,1
15039,923,79,8,7,1,0,1
881,552,66,9,13,1,0,1
56800,2074,9,4,21,0,0,0
27724,2075,70,1,8,0,1,0
6923,702,84,5,23,1,0,1
18589,1920,52,7,16,0,0,0
40061,2461,94,4,5,1,1,1
29218,167,86,0,3,1,0,0
81916,169,56,7,3,1,0,1
22363,229,90,8,18,1,0,1
13665,2003,85,0,11,0,0,0
20454,367,26,7,1,0,1,1
43051,528,53,9,16,0,1,1
91279,791,3,1,14,1,1,1
23748,524,87,3,9,0,0,0
50829,1096,22,1,2,1,0,0
42071,1669,47,1,19,1,0,0
18758,2154,82,9,3,1,0,1
21353,1909,41,2,21,0,1,0
64266,1306,2,7,0,1,0,1
48663,133,90,3,0,0,0,0
26490,2317,2,6,17,0,0,0
88764,1643,27,9,3,0,1,1
51678,1889,62,2,22,0,0,0
79125,1771,80,9,21,0,0,1
32758,18,30,2,14,0,0,0
6952,1778,9,1,22,0,0,0
95086,117,48,5,20,0,0,1
2651,798,85,5,21,1,1,1
72047,1712,93,0,9,1,0,1
61101,753,20,6,16,0,0,0
49259,2470,99,3,21,0,0,0
51807,1393,52,2,11,0,0,0
33343,2098,86,7,19,0,0,0
21900,678,75,1,11,0,1,0
76039,106,88,8,15,1,0,1
57928,658,53,7,4,0,1,1
7339,1947,56,7,15,0,1,1
6810,1449,19,2,16,0,0,0
21484,1096,48,3,22,1,0,0
21138,988,6,1,14,1,1,1
40946,1809,28,1,12,0,0,0
88083,1783,47,3,7,1,1,1
67921,446,92,5,20,1,1,1
38091,1949,12,4,1,1,0,0
79157,2118,2,0,7,1,0,1
7071,1998,1,9,9,1,1,1
29239,2198,15,0,6,1,0,0
85545,774,93,5,9,1,1,1
77167,1562,5,2,3,1,1,1
80357,1676,44,2,10,0,0,0
84842,1123,70,6,8,0,1,1
37811,1302,4,0,3,1,1,1
6630,1587,55,0,2,1,1,1
11216,1687,70,9,10,0,1,1
65894,944,97,2,2,0,1,0
382,455,31,7,17,1,1,1
79573,1128,48,0,18,0,0,0
1998,946,12,9,13,1,1,1
4235,601,29,3,23,0,1,0
6729,725,24,8,10,1,0,1
85220,2281,84,3,23,0,0,0
89187,1418,59,9,1,1,0,1
65131,1525,58,7,1,0,1,1
33480,251,84,6,1,0,0,0
17171,1545,27,2,9,1,1,1
20174,79,57,6,22,1,1,1
90824,898,19,6,14,0,1,1
67943,781,33,9,21,0,1,1
40001,226,4,2,11,1,0,0
11305,1075,81,1,10,0,1,0
55761,1210,59,8,16,0,1,1
6006,1058,42,0,17,0,1,0
2691,803,56,6,13,0,1,1
63087,742,56,3,16,0,1,0
63470,2179,74,1,14,1,1,1
80785,704,53,1,11,0,0,0
54500,1427,80,7,15,0,0,0
25250,2371,44,6,22,1,1,1
31952,615,85,6,5,1,1,1
42970,329,36,4,1,1,1,1
52856,1396,83,9,1,1,1,1
56581,1484,47,7,15,1,1,1
1383,133,53,1,1,0,0,0
33791,835,47,1,7,0,1,0
1225,121,5,4,6,0,0,0
67165,1476,33,0,0,1,0,0
26270,965,62,5,3,1,0,1
8538,129,77,3,10,1,0,0
20195,1599,47,5,19,0,0,0
16254,2077,22,6,6,0,1,1
8104,1548,83,2,17,0,1,0
9852,333,12,7,3,0,1,1
55526,1154,46,6,16,0,1,1
26919,1317,43,0,10,0,0,0
92151,1197,31,5,10,1,0,1
24317,1430,25,6,19,0,1,1
88808,356,52,3,10,0,0,0
33094,139,13,1,14,0,1,0
15136,1527,51,9,13,0,0,0
77375,1198,35,8,16,0,0,1
97856,29,7,6,1,1,0,1
49516,931,39,0,17,0,0,0
9687,1014,85,7,15,0,1,1
95765,828,21,2,11,1,0,1
745,351,15,3,9,1,1,1
31030,2025,90,4,15,0,1,0
81935,299,59,0,2,0,0,0
30190,1744,59,5,7,0,1,1
87589,1866,9,9,21,0,1,1
52242,1216,24,5,21,0,1,1
26575,1696,30,1,23,1,1,1
18988,2112,20,9,1,1,0,1
43832,755,90,5,21,0,0,0
81723,770,80,7,0,0,0,1
46405,1239,32,5,13,1,0,1
46137,834,30,3,3,1,1,1
9446,2214,89,3,3,0,1,0
687,1907,20,8,8,0,0,0
12863,1565,35,5,2,0,0,0
59265,1219,64,7,4,0,1,1
69715,506,3,7,0,0,0,0
36216,1358,67,6,21,0,1,1
85851,1461,89,2,18,1,0,1
91453,1417,3,9,0,1,1,1
90401,1173,8,0,9,1,1,1
95748,761,29,4,21,1,0,1
25656,833,44,9,11,0,0,0
59142,1429,3,9,9,1,0,1
18199,283,68,1,1,1,1,1
45196,379,22,9,15,0,0,0
72086,198,15,1,7,1,0,1
13330,556,21,6,13,0,0,0
29109,356,71,2,14,0,0,0
71069,1564,47,7,15,1,0,1
33966,1041,61,8,10,1,1,1
84346,379,96,7,11,1,0,1
77075,680,59,5,1,0,0,1
41955,1780,79,4,3,1,0,0
81657,899,4,2,2,0,0,0
6516,76,79,2,8,1,1,1
72616,231,6,6,17,0,1,1
56015,1740,50,4,18,1,0,0
18158,962,64,5,6,1,0,1
76737,2350,8,5,3,0,0,1
40818,2263,81,8,5,1,1,1
32702,2117,44,0,18,1,1,1
74758,393,46,7,0,0,0,1
78212,1109,66,9,15,1,1,1
58167,267,23,4,10,1,1,1
27616,1093,91,5,21,0,1,1
88069,611,9,5,3,1,1,1
1189,1371,72,0,17,0,1,0
37446,1009,76,2,22,1,1,1
74763,962,47,5,4,1,0,1
10587,673,34,8,21,0,1,1
255,2471,53,5,5,1,0,1
67594,1701,86,5,1,0,1,1
76329,2163,80,0,11,0,0,0
38647,2268,70,8,21,1,1,1
28895,31,15,3,8,0,0,0
55396,1367,52,1,19,1,0,0
21547,1401,39,0,11,0,1,0
36698,1154,99,2,12,1,0,0
41914,617,19,2,21,1,0,0
90851,539,87,4,22,0,1,1
75430,871,68,0,16,1,0,1
98845,101,44,6,4,1,1,1
88060,1413,5,0,19,1,0,1
63378,941,91,3,12,0,0,0
55177,341,68,5,12,1,1,1
72006,1044,48,0,9,1,0,1
9628,38,38,6,14,0,0,0
93912,660,1,9,14,1,1,1
50200,2034,38,6,17,0,1,1
8279,1561,20,2,17,0,1,0
48881,1657,39,3,1,1,0,0
55367,1050,81,5,22,0,0,0
82479,454,53,6,10,1,1,1
24052,1705,11,3,12,1,0,0
53898,1347,80,9,10,1,0,1
98796,819,36,8,3,0,0,1
51039,773,37,8,14,0,0,0
29616,13,14,8,21,1,0,1
56626,921,6,9,22,1,1,1
10549,825,77,5,10,0,1,1
50390,2419,49,1,17,1,0,0
86761,1315,64,1,15,0,0,0
73054,2380,66,3,9,0,0,0
22846,2309,43,8,11,1,1,1
68090,2018,30,2,12,1,1,1
58910,1229,42,5,8,1,1,1
83397,697,76,1,20,0,1,1
15323,950,47,0,12,0,1,0
72337,2435,81,4,5,0,0,0
2697,1439,80,7,5,0,0,0
65777,69,80,9,10,1,0,1
2759,1782,60,9,18,0,0,0
86616,2248,74,1,10,1,1,1
74667,2264,83,9,9,0,0,1
15137,1970,9,8,22,0,0,0
46838,212,28,7,14,1,0,1
71778,508,47,2,12,0,0,0
12209,2064,97,0,22,1,1,1
22110,1522,80,3,7,0,1,0
8887,332,61,7,4,1,0,1
8572,551,12,2,1,0,0,0
23483,1625,43,9,15,0,0,0
61809,942,46,1,12,1,0,0
69885,2304,63,6,18,1,1,1
34618,728,90,3,8,1,1,1
54009,880,52,5,14,0,0,0
18451,649,89,4,5,0,0,0
69724,1000,91,1,7,0,1,0
53430,1522,76,9,23,0,1,1
15382,1613,75,1,13,0,0,0
84966,1010,43,8,4,0,0,1
21878,1551,27,9,16,1,0,1
24364,804,1,1,21,0,1,0
59775,214,56,7,6,0,1,1
5175,169,56,7,8,1,1,1
76048,978,33,0,15,1,1,1
48554,1329,86,0,17,1,1,1
28465,146,57,3,12,1,0,0
72866,1799,51,1,17,1,0,1
48300,516,28,0,9,0,0,0
11102,453,34,8,0,0,0,0
14047,60,74,2,20,1,1,1
79322,528,47,0,17,1,0,1
94940,1024,32,1,18,0,1,1
78710,1565,74,7,1,1,1,1
52242,1103,72,4,3,0,0,0
56407,433,77,6,10,0,0,0
4593,1177,8,5,2,1,0,1
50185,401,47,0,8,0,0,0
34328,2105,66,5,9,0,0,0
79776,2234,92,6,1,0,0,1
51975,2446,82,3,6,0,1,0
31755,605,35,7,14,1,1,1
43572,2206,95,7,18,1,1,1
49537,1811,70,6,9,1,0,1
49516,1464,91,1,23,1,1,1
59811,2494,43,5,19,1,0,1
6916,1774,81,5,13,0,0,0
77275,1554,59,6,3,0,1,1
64407,1097,62,5,10,0,1,1
46833,929,4,1,2,0,0,0
95128,1952,86,7,22,1,0,1
11340,1974,85,3,16,1,1,1
98334,2065,89,8,6,0,1,1
92593,1555,75,7,10,1,1,1
98444,326,39,2,17,0,1,1
71463,995,18,2,13,0,1,1
32862,613,46,7,13,1,1,1
8359,596,64,1,5,1,0,0
50239,921,66,8,8,1,1,1
14949,842,90,3,21,0,0,0
81868,1226,17,5,2,1,0,1
89809,344,49,2,16,0,1,1
54969,1877,29,2,11,1,1,1
63195,859,65,2,3,0,1,0
71010,1424,4,9,19,1,0,1
86810,445,92,1,15,0,0,0
23667,1789,96,7,23,0,1,1
35392,222,41,8,9,1,1,1
74913,592,83,7,6,0,0,1
97236,1031,93,9,9,1,0,1
51731,1296,4,2,6,1,1,1
9985,1018,49,6,22,1,1,1
59759,2064,84,9,17,0,1,1
54406,1448,57,1,8,1,0,0
66414,2046,78,3,21,0,0,0
65187,524,83,5,17,1,1,1
29265,2069,7,4,16,1,1,1
59029,2276,30,8,10,0,1,1
67128,1809,11,9,0,0,0,0
96098,1312,20,3,16,1,0,1
49912,1307,93,4,3,0,0,0
50600,2452,61,3,3,1,1,1
79251,1090,90,7,13,0,1,1
58743,1673,89,7,8,0,1,1
45000,437,32,2,12,1,0,0
43046,829,25,0,15,0,0,0
7951,259,89,5,0,1,0,1
16388,2004,99,1,2,1,1,1
72792,1990,39,1,18,0,1,1
67680,103,64,2,7,1,0,0
7468,993,58,7,17,0,1,1
85536,769,14,2,5,0,1,1
96236,1125,0,6,19,1,0,1
46503,1222,10,9,5,0,0,0
91270,2274,54,9,4,1,0,1
9268,237,1,8,11,1,0,1
86597,1145,64,7,8,0,0,1
49979,767,94,0,8,0,1,0
59971,991,43,6,16,1,0,1
89488,1760,15,6,18,1,1,1
98746,2321,21,7,16,1,1,1
32274,2280,17,9,21,0,0,0
99851,496,46,4,15,0,0,0
92591,1048,80,9,11,1,1,1
6681,1727,29,8,2,0,1,1
71953,2073,9,8,13,1,1,1
64146,2336,98,7,16,0,0,0
49778,338,57,5,21,1,1,1
26749,1938,61,5,15,1,0,1
88768,1818,84,0,20,1,0,1
82425,137,79,5,11,1,1,1
14667,2275,5,3,23,1,0,0
80504,320,66,3,1,1,1,1
90006,1864,40,1,7,0,1,1
96119,916,42,3,11,1,0,1
62044,1206,84,4,20,1,0,0
78102,1898,76,4,15,1,1,1
28903,2134,17,4,7,1,0,0
18330,926,57,3,15,1,0,0
17962,2101,59,0,9,0,1,0
43455,1259,87,9,19,1,0,1
31359,1983,26,7,14,1,1,1
99175,433,67,2,3,1,1,1
87545,999,21,1,14,1,0,1
30895,2148,23,8,3,0,1,1
8870,990,39,6,10,0,0,0
11193,599,73,8,5,1,1,1
46671,2451,65,1,3,1,0,0
293,396,39,8,8,0,1,1
17669,415,5,9,8,1,1,1
11290,939,17,8,2,0,0,0
62924,1637,80,8,22,1,0,1
42852,541,86,9,4,0,0,0
32427,1650,29,9,14,0,0,0
42170,1946,20,3,8,1,0,0
86025,84,61,9,1,1,0,1
40297,271,9,2,2,1,0,0
2361,2292,12,5,20,1,0,1
94005,388,75,2,11,0,0,0
26612,214,8,8,15,0,1,1
6816,59,67,2,4,1,0,0
86895,1626,38,1,9,0,1,1
29033,843,23,7,14,1,0,1
4478,1528,33,5,13,1,0,1
40683,1730,60,7,13,1,1,1
85471,123,40,6,22,0,1,1
29133,1437,4,2,12,1,0,0
24100,1163,78,7,15,0,1,1
75968,2487,49,9,7,1,0,1
42704,562,3,0,7,0,1,0
68436,2166,50,0,16,0,0,0
95174,1738,51,9,16,0,1,1
95755,905,38,7,2,0,0,1
73969,395,7,8,0,1,1,1
5510,1727,44,9,16,0,0,0
83475,1717,87,5,23,0,1,1
56144,935,27,4,15,1,0,0
63415,1102,26,1,16,0,0,0
96155,1436,64,8,1,1,0,1
71444,75,33,5,13,0,1,1
6896,295,80,7,6,1,1,1
86816,21,61,8,18,0,1,1
54345,1039,61,8,0,0,1,1
43156,1235,37,7,16,0,1,1
17809,560,25,9,9,0,0,0
58657,1110,23,7,5,1,1,1
17643,1173,38,2,6,0,0,0
37518,372,20,2,5,1,0,0
94711,2028,93,1,4,1,0,1
96138,818,46,0,1,1,0,1
16824,1175,47,3,17,1,0,0
3928,1165,12,1,23,0,1,0
17187,1093,2,1,16,0,0,0
12705,1284,31,4,23,0,1,0
31437,2012,34,3,22,0,0,0
5582,846,18,0,6,0,0,0
65433,1992,13,8,20,0,1,1
92641,521,47,3,18,1,1,1
88396,371,85,4,6,1,0,1
51052,1443,80,6,22,0,0,0
5563,101,67,1,6,0,0,0
70548,661,44,7,15,0,1,1
4748,1682,18,1,11,1,1,1
33723,243,63,9,14,0,0,0
59256,512,65,4,14,0,1,0
35734,2274,78,1,10,0,1,0
44702,1542,65,1,1,1,1,1
49434,2262,74,3,2,1,1,1
68748,2115,44,3,18,0,1,0
22154,396,86,7,19,1,1,1
70128,612,73,5,14,1,1,1
22307,1261,66,9,15,1,0,1
80750,1858,68,7,0,0,1,1
99921,770,2,6,14,0,1,1
81654,1423,37,9,11,1,0,1
21486,407,76,3,6,1,1,1
83376,1873,41,1,6,1,1,1
59618,1504,82,8,10,0,1,1
52881,2270,39,1,19,1,1,1
52880,1180,49,0,10,1,0,0
61540,654,34,7,16,0,1,1
44299,2476,23,9,2,1,0,1
61135,1182,87,8,15,1,1,1
8310,977,16,0,4,0,1,0
44463,1440,39,6,1,1,1,1
78379,2419,73,1,22,1,1,1
60448,1368,65,5,6,1,0,1
55384,229,43,4,9,1,0,0
72224,2328,22,0,4,0,0,0
68947,1894,5,1,14,0,0,0
22532,1314,65,1,11,0,0,0
64189,1071,20,9,9,1,1,1
55498,975,34,9,21,0,0,0
99391,1739,28,5,16,0,0,1
3421,758,6,0,19,1,1,1
81448,321,92,3,19,0,0,0
37483,2322,52,9,10,1,1,1
78782,556,36,4,7,1,0,1
79290,844,22,1,14,1,1,1
52993,1337,96,1,1,0,0,0
35920,1387,7,6,16,0,1,1
66362,668,75,6,22,1,0,1
3860,2428,47,5,5,0,0,0
22290,1943,9,0,20,1,1,1
67511,2005,78,2,12,0,1,0
23477,1931,23,8,7,0,1,1
46837,746,89,9,10,0,0,0
69669,675,46,0,14,0,1,0
38311,2164,52,1,12,0,0,0
83009,1066,38,7,17,1,1,1
3844,2427,66,6,17,0,0,0
25095,2328,65,8,16,0,1,1
17077,618,5,9,21,0,1,1
98038,2166,20,3,12,0,0,0
34642,2357,72,3,2,0,1,0
10751,2148,73,6,20,1,1,1
99339,2309,35,0,23,1,1,1
79031,993,2,9,6,1,0,1
95444,1329,87,8,11,0,0,1
16815,1378,85,1,3,0,1,0
44509,286,77,0,23,1,1,1
24406,2376,41,6,10,1,0,1
19186,2111,44,5,13,1,0,1
14476,687,43,2,17,1,1,1
61450,1306,90,0,6,0,0,0
71525,1465,32,4,4,1,1,1
36736,738,59,9,15,0,1,1
86220,1959,85,3,10,1,0,1
51749,1895,92,4,21,0,0,0
34710,1486,82,0,2,0,0,0
10158,2101,82,0,15,0,0,0
74737,486,69,4,10,1,0,1
78133,1514,82,5,9,0,0,1
70294,2002,76,4,22,0,0,0
77017,1388,25,1,22,1,0,1
64300,2457,85,8,1,1,1,1
46719,1031,20,4,15,1,1,1
17254,1766,99,4,16,1,0,0
19639,668,1,9,9,1,1,1
60158,1221,46,8,17,1,1,1
62168,835,29,2,11,0,1,0
77413,876,26,4,7,0,1,1
30473,2415,70,4,2,1,1,1
33254,1002,19,1,19,1,0,0
6131,250,49,3,23,0,0,0
93633,1940,94,1,2,0,0,0
72075,1619,22,4,5,0,0,0
22885,1264,12,9,1,1,0,1
79028,2428,80,1,2,0,0,0
28769,872,3,9,16,0,1,1
94575,835,13,8,8,1,0,1
2382,919,19,9,3,1,1,1
34724,1725,12,5,21,1,0,1
48538,2414,2,7,22,0,1,1
90000,1314,89,8,1,1,1,1
67634,1898,89,7,23,0,0,0
31805,403,81,4,8,0,0,0
38344,2106,95,4,13,1,0,0
75064,1328,77,5,10,0,0,1
37537,1139,46,0,1,1,1,1
77972,210,2,7,20,1,0,1
74978,1065,0,1,1,1,0,1
73082,816,89,5,4,1,1,1
50683,2221,23,8,6,0,1,1
38492,234,34,2,21,1,0,0
7561,793,13,1,3,0,0,0
10616,1908,66,9,13,0,1,1
79385,1614,12,4,1,1,0,1
17614,2167,46,8,22,0,1,1
36368,335,49,5,11,1,1,1
90586,1360,77,7,9,1,0,1
36888,1640,84,7,0,1,1,1
75849,1098,25,6,18,0,0,1
61149,1215,2,4,22,1,0,0
62593,324,50,1,15,1,0,0
36127,1791,39,9,14,0,1,1
93647,284,67,9,13,1,0,1
42949,213,35,4,8,1,0,0
17958,1659,50,6,20,1,1,1
84262,1742,0,6,22,1,0,1
79103,929,32,1,14,1,0,1
52495,752,6,6,6,1,0,1
39858,1418,51,5,3,0,1,1
54412,2387,10,6,20,1,1,1
68770,1822,26,7,17,1,0,1
82379,1046,13,3,7,1,0,1
15534,1795,85,0,11,1,0,0
64147,1893,79,7,14,0,1,1
47875,105,45,7,14,1,0,1
75869,1490,75,2,16,0,0,0
66777,1483,9,2,1,1,0,0
83655,1456,23,4,11,1,1,1
86020,770,60,2,2,0,1,1
45834,1960,17,4,6,0,1,0
88603,2028,85,7,5,1,1,1
40703,379,8,0,13,1,1,1
76808,713,16,1,22,1,0,1
82026,1373,57,1,4,1,0,1
68903,225,12,3,3,1,0,0
39432,1738,49,8,14,1,0,1
91803,738,5,1,6,0,1,1
21412,236,84,8,2,1,1,1
93476,183,50,6,12,1,0,1
84626,712,35,9,9,1,1,1
44279,1893,70,7,22,0,0,0
71542,2492,99,0,1,0,1,1
40479,1889,24,4,11,0,0,0
17397,623,10,8,23,1,0,1
2111,1260,43,3,21,0,0,0
44114,1151,13,1,11,1,1,1
11838,749,28,5,18,1,0,1
94433,2203,73,1,18,1,0,1
47598,2305,49,2,20,1,1,1
11220,2283,4,7,2,1,0,1
8867,2337,71,2,5,1,1,1
22952,510,68,1,1,1,1,1
79339,1576,87,5,23,0,1,1
1029,1824,56,2,12,0,0,0
77587,785,25,0,8,0,1,1
91675,2346,5,2,12,1,1,1
95140,137,15,5,22,0,1,1
17538,2424,59,2,13,1,0,0
48615,2135,99,8,18,0,1,1
5844,1778,11,6,10,0,0,0
83920,1223,74,4,13,1,1,1
42517,2485,2,1,15,0,1,0
7169,1334,62,8,9,1,0,1
42459,1778,63,4,19,0,0,0
19899,1305,61,6,15,0,0,0
98846,764,5,8,1,0,1,1
93862,702,18,3,15,1,1,1
70288,152,17,8,13,1,0,1
89959,1326,79,0,20,0,0,0
7697,1302,86,5,17,0,0,0
47193,1712,42,1,5,1,0,0
37326,1032,72,7,6,0,0,0
72227,807,2,4,12,0,1,1
91469,235,71,2,1,1,1,1
77462,561,37,1,14,0,0,0
26517,1326,67,7,16,0,0,0
18793,38,75,6,12,1,1,1
79774,1160,43,8,6,1,0,1
53261,421,94,7,0,1,0,1
2269,1243,88,3,2,1,0,0
84192,348,79,1,19,0,0,0
22152,1832,62,1,17,1,1,1
71949,1570,41,1,6,1,0,1
73951,1919,63,5,20,0,1,1
8136,2321,53,6,16,1,1,1
31878,1902,77,5,11,1,1,1
27834,2356,76,1,15,0,1,0
23273,1398,70,3,23,1,0,0
30503,1825,75,2,9,1,1,1
66421,2492,36,3,22,0,0,0
71775,1229,3,4,15,1,0,1
6444,405,1,6,19,1,1,1
18900,1722,98,8,17,0,0,0
25472,1221,43,1,14,0,0,0
61616,115,66,7,22,1,1,1
20638,1677,67,2,10,1,1,1
64018,65,75,8,17,1,1,1
15073,1300,82,9,5,0,0,0
71255,825,73,3,0,1,0,1
59600,2287,61,2,22,1,1,1
36675,2350,0,9,6,0,1,1
42361,1416,16,5,11,1,0,1
27816,969,15,9,19,1,0,1
3336,369,8,8,3,1,1,1
15948,233,52,6,9,0,0,0
2452,2243,72,3,20,0,0,0
2032,907,58,2,1,1,1,1
76549,921,8,9,8,1,1,1
8656,689,11,3,9,0,0,0
86936,177,40,2,19,1,0,1
5598,2265,14,2,10,0,0,0
76218,1035,65,8,13,0,0,1
50198,1470,74,3,2,0,1,0
64486,630,10,8,0,0,0,0
9669,164,7,9,6,0,1,1
56982,2101,54,4,3,1,0,0
70493,2266,95,6,6,0,1,1
440,824,5,4,15,1,0,0
44049,2433,52,0,9,1,0,0
82402,56,19,1,14,1,1,1
62543,118,38,4,15,0,0,0
91768,798,98,5,5,1,1,1
74127,780,71,6,3,1,1,1
238,1439,33,1,3,1,1,1
458,1894,56,9,23,0,0,0
75350,708,18,8,22,1,0,1
85476,1104,70,5,3,0,0,1
30754,22,30,1,21,0,1,1
25979,1501,81,1,21,1,0,0
81632,843,39,2,16,1,0,1
55878,1761,13,0,12,0,1,0
37872,1117,99,8,1,0,1,1
58578,192,80,9,19,1,1,1
64453,1019,36,3,5,1,1,1
26862,1127,43,4,21,1,0,0
13383,396,8,6,0,1,1,1
64022,1019,57,0,7,1,1,1
39520,567,19,2,17,0,0,0
55668,231,91,2,20,0,0,0
85190,874,49,1,3,0,1,1
20319,240,19,7,4,0,0,0
57269,90,35,4,4,0,0,0
75065,2280,26,0,14,1,1,1
46940,457,71,1,9,0,0,0
44795,2281,31,0,7,1,1,1
84854,354,0,5,6,0,0,1
78088,1005,16,8,11,0,0,1
58442,1357,8,6,10,1,0,1
19051,439,83,4,12,0,0,0
1407,1399,44,2,14,0,1,0
80488,345,95,7,16,0,1,1
90868,657,65,9,21,0,0,1
35528,2178,31,3,21,1,0,0
92121,2189,44,8,17,0,0,1
75874,2463,8,4,7,0,1,1
39075,1117,29,5,5,0,0,0
1240,626,83,4,10,0,1,0
24942,284,37,9,8,0,0,0
26521,1980,59,6,4,0,1,1
1808,1679,0,6,6,0,1,1
3730,223,4,0,21,0,0,0
19695,744,62,1,14,1,1,1
76121,463,98,6,20,1,0,1
28408,1569,35,7,21,1,1,1
44889,1706,64,3,3,0,1,0
55790,1164,77,5,18,0,0,0
26186,2405,72,9,12,1,1,1
16959,1737,93,2,0,1,0,0
7784,1047,23,6,0,1,1,1
91188,665,3,2,21,1,0,1
1307,1357,77,6,13,0,1,1
46199,1015,88,7,8,1,1,1
67596,2133,67,2,23,0,0,0
66193,1055,24,1,11,1,1,1
29789,1765,73,5,17,0,0,0
48751,2288,98,3,8,0,0,0
13993,1914,6,7,7,0,1,1
97908,363,12,1,13,0,0,0
66518,1413,67,3,8,1,0,0
60111,668,42,1,19,0,0,0
38735,1881,56,1,1,0,0,0
56215,1395,35,1,0,1,0,0
95171,99,13,0,12,1,0,1
78505,2095,81,3,9,1,1,1
72802,422,71,1,7,1,0,1
78618,1504,95,8,6,0,0,1
72905,62,26,8,23,1,1,1
59054,1133,36,6,11,0,0,0
28164,1703,86,5,16,1,0,1
79163,598,70,2,11,0,0,0
2554,392,75,6,15,1,1,1
20978,1076,24,0,9,1,1,1
51198,1313,66,8,11,1,0,1
62254,2030,89,3,10,1,0,0
13091,2385,3,5,13,0,1,1
68444,810,99,5,21,1,0,1
36693,1406,78,2,19,0,1,0
36404,1160,95,3,12,0,0,0
30486,1532,92,9,1,1,0,1
55320,1386,73,2,19,1,1,1
69438,881,84,5,6,0,0,0
94389,1600,15,0,0,0,1,1
21183,254,18,7,2,0,1,1
18454,2068,28,7,19,0,0,0
22290,1169,50,8,11,0,0,0
6242,1232,17,5,4,1,1,1
28498,2424,57,0,11,1,1,1
52071,166,43,2,2,0,0,0
41962,1574,15,0,19,1,0,0
98768,617,64,4,4,0,0,0
53510,1626,1,2,0,1,0,0
19603,503,55,1,15,0,1,0
48556,913,78,2,8,1,1,1
82135,2127,27,8,9,1,0,1
8116,585,64,7,9,0,1,1
2484,1959,4,2,12,1,0,0
62420,396,21,1,15,0,1,0
15172,1632,99,4,19,0,1,0
80118,1881,12,0,3,1,0,1
40610,402,64,3,13,0,0,0
49033,975,15,7,16,1,0,1
21926,224,85,0,4,1,0,0
68126,518,63,4,12,0,1,0
25618,236,31,3,2,1,1,1
24145,116,79,5,4,0,0,0
50976,226,50,6,15,0,1,1
92546,2278,78,8,18,1,1,1
90202,182,57,0,18,0,0,0
52019,1342,45,9,16,1,0,1
99541,210,51,3,17,1,0,1
27203,1416,62,5,17,0,1,1
36288,2144,75,9,22,1,0,1
5945,894,59,6,7,0,0,0
86798,1882,64,6,17,0,1,1
36774,1110,80,7,8,0,1,1
19437,2463,54,9,18,0,1,1
22413,2027,56,7,9,1,1,1
27043,394,91,7,1,0,0,0
78049,844,70,7,16,0,1,1
376,1525,72,7,23,0,0,0
51251,604,85,5,12,1,0,1
17711,582,25,8,10,1,1,1
12044,2043,11,2,15,0,0,0
52987,1940,70,5,19,1,0,1
81542,133,45,4,6,1,1,1
49947,2269,46,7,2,0,1,1
58753,976,78,3,15,0,1,0
86172,1814,37,3,18,1,0,1
56722,1544,20,9,19,1,0,1
27910,1358,13,9,15,1,1,1
77942,39,1,4,1,0,1,1
10603,1317,71,5,13,1,1,1
84861,162,69,3,19,1,1,1
37076,1910,32,1,9,1,1,1
11690,1128,5,1,18,1,1,1
10986,2209,89,2,23,0,1,0
12966,1659,36,1,10,0,0,0
66724,1964,13,0,17,0,1,0
68999,1058,36,7,10,1,1,1
32892,2290,7,4,8,0,1,0
9864,967,76,9,18,1,1,1
86256,890,12,0,19,1,0,1
42827,2161,39,8,9,0,1,1
78571,2366,91,7,2,1,0,1
8168,2071,57,3,2,1,0,0
7395,1667,17,7,23,1,0,1
41260,1442,56,9,7,0,1,1
11490,1068,82,6,5,0,1,1
20231,128,37,6,19,0,0,0
94854,158,31,0,0,0,0,0
76069,827,85,5,19,0,1,1
15138,1891,65,3,23,0,0,0
52427,512,76,9,5,0,0,0
93818,2093,86,9,1,0,1,1
77164,2267,24,9,18,0,1,1
21381,443,91,1,6,0,0,0
54289,2363,57,9,10,1,0,1
48611,2225,74,6,10,0,1,1
8705,2276,32,8,3,1,1,1
1481,1727,87,4,19,1,1,1
66734,2007,65,7,15,0,0,0
19910,1696,29,4,4,0,1,0
24422,267,80,6,23,1,0,1
41969,838,33,6,6,0,0,0
33055,489,85,8,15,0,1,1
61488,702,68,2,14,1,1,1
10307,687,47,0,4,0,1,0
87429,996,39,1,0,0,1,1
67728,357,50,5,19,1,0,1
28320,872,79,9,21,1,0,1
84150,1974,12,9,21,1,0,1
74185,2252,89,8,8,0,0,1
22131,552,30,2,20,1,1,1
70821,1811,38,9,4,0,0,1
80907,323,62,1,21,0,1,1
71412,2229,47,0,5,0,1,1
59866,83,86,1,2,1,0,0
12549,2351,47,2,5,0,0,0
89933,262,60,6,7,0,0,1
56799,784,11,1,5,1,0,0
81353,1224,77,4,15,1,0,1
46192,914,55,1,15,0,1,0
63771,944,17,6,20,1,1,1
10450,1319,26,9,2,0,0,0
96258,1536,27,7,16,0,0,1
68587,689,81,7,20,0,0,0
17722,2444,79,7,5,1,0,1
70363,1773,51,9,5,1,0,1
53217,839,15,8,21,0,0,0
58494,878,76,0,18,0,1,0
23882,49,57,0,19,0,1,0
28554,293,92,9,14,0,0,0
68004,1652,8,1,18,1,0,0
15692,536,25,5,1,1,1,1
22273,311,27,0,7,1,0,0
33304,537,76,4,6,1,0,0
35696,1927,35,4,7,1,0,0
34424,234,8,3,12,0,1,0
61302,1233,46,4,21,1,0,0
89500,2142,77,0,14,0,1,1
30850,2375,50,5,11,0,0,0
76212,2273,75,6,14,1,0,1
16666,967,56,7,13,1,1,1
7290,890,31,1,6,0,0,0
88707,2059,66,6,16,0,1,1
38433,35,56,5,4,0,1,1
81005,447,53,8,19,1,0,1
89671,1764,15,7,9,1,1,1
1689,2489,61,3,18,1,1,1
25335,1559,83,8,17,1,0,1
259,595,95,0,23,0,0,0
12245,2026,55,5,9,1,0,1
81009,2277,22,7,1,0,1,1
32021,344,16,3,5,1,0,0
16337,1104,79,1,2,1,0,0
8344,1420,37,1,18,1,0,0
14843,1314,71,9,4,0,0,0
97202,1479,82,0,6,0,1,1
46201,1152,29,4,6,1,0,0
84327,1922,57,5,9,0,0,1
99632,1383,97,3,0,0,0,0
56478,2123,77,3,10,1,0,0
71226,1570,21,4,22,1,0,1
56171,1895,16,4,6,0,1,0
71221,2244,14,8,5,1,0,1
74863,1867,47,7,5,0,0,1
93914,29,31,8,12,0,1,1
12337,706,76,2,15,1,0,0
15749,1021,84,2,12,0,1,0
37813,2064,39,0,1,1,1,1
73563,1447,96,9,18,0,1,1
45509,1660,56,5,18,0,1,1
48866,967,57,3,18,0,0,0
46254,2277,90,7,17,0,0,0
7116,573,98,1,5,0,1,0
79663,1607,15,1,1,0,1,1
48788,615,27,6,18,1,1,1
89778,326,97,4,5,0,1,1
54338,359,0,0,19,0,1,0
58708,1811,40,6,22,0,0,0
89181,2372,47,6,21,1,1,1
31997,1722,30,9,14,0,0,0
51061,1350,35,5,5,0,1,1
68803,165,32,3,2,0,1,0
44857,1597,32,7,10,1,0,1
27017,1628,81,1,7,1,1,1
22836,1177,22,1,21,1,0,0
28090,1151,59,1,17,0,0,0
62651,193,86,2,16,0,1,0
58261,92,78,5,18,0,1,1
79723,139,89,0,18,1,0,1
22540,481,29,1,23,0,0,0
35305,2497,88,9,20,1,1,1
80911,1357,44,1,16,1,0,1
55203,340,79,0,3,0,1,0
70912,1076,38,2,6,0,1,1
41727,799,44,9,4,1,1,1
19108,475,77,6,15,0,0,0
71374,2449,80,0,5,1,1,1
32502,1463,11,6,13,1,0,1
53484,605,92,4,19,0,0,0
5893,821,31,8,1,0,1,1
5671,598,55,1,17,0,0,0
96967,1533,23,0,17,0,0,0
16309,514,12,8,12,0,0,0
91030,1527,19,7,17,0,0,1
43248,1878,78,9,16,0,0,0
91318,1700,55,5,12,1,1,1
2324,1030,52,4,11,0,1,0
48795,500,67,7,2,0,0,0
32541,1685,53,7,21,0,1,1
39229,717,33,4,6,0,1,0
62468,1142,27,6,0,1,1,1
92222,1509,49,0,4,0,0,0
44860,666,1,3,20,1,0,0
23578,2209,93,1,0,1,1,1
71954,2318,25,9,3,1,1,1
94330,1080,50,2,0,1,1,1
85816,228,46,0,12,1,0,1
12280,149,25,1,13,0,0,0
98638,1070,83,0,14,1,1,1
15472,1168,91,7,16,1,0,1
29896,632,83,3,11,0,0,0
58372,1364,74,2,6,1,0,0
90063,413,73,0,22,0,1,1
98926,1756,60,1,18,0,0,0
93735,520,22,2,22,0,0,0
54140,1368,36,2,2,0,1,0
75457,2435,40,5,17,1,1,1
71468,2323,51,9,3,1,1,1
78456,2401,82,7,2,1,0,1
16311,1103,81,5,11,0,0,0
5942,598,48,1,22,0,0,0
63215,1660,26,1,11,0,0,0
66952,1686,5,6,16,1,0,1
46068,2161,73,0,5,0,0,0
17608,2189,65,0,14,1,1,1
22105,1925,23,6,1,1,0,1
54675,730,37,8,7,0,0,0
80842,589,27,4,13,0,1,1
19071,2459,27,0,4,0,1,0
25699,377,65,4,2,0,0,0
87692,1408,60,0,9,0,0,0
67014,1870,45,9,6,1,1,1
67155,751,68,8,10,1,0,1
87797,627,74,3,14,0,1,1
5455,1630,73,8,1,0,1,1
54220,995,42,1,4,0,0,0
74719,1584,58,6,10,1,1,1
38442,703,1,1,7,1,0,0
86092,2060,14,3,12,1,1,1
78960,1180,36,5,10,1,1,1
2357,477,70,1,16,0,1,0
27464,401,19,1,14,1,0,0
25072,2225,97,1,0,1,0,0
26754,57,34,2,18,0,0,0
80869,1876,33,4,15,0,0,0
81523,448,85,8,18,1,0,1
29420,203,30,5,12,0,0,0
20908,1657,86,8,22,0,1,1
52489,738,18,9,21,0,1,1
95790,202,67,4,22,1,0,1
34873,1354,23,5,3,1,0,1
51268,2411,83,9,10,0,0,0
27847,892,38,7,17,0,1,1
76496,2404,91,2,17,1,0,1
83792,216,53,1,9,1,0,1
57605,23,38,2,16,0,0,0
85996,2203,16,8,12,0,1,1
18235,1210,18,5,13,1,1,1
90987,2297,47,9,6,0,1,1
96135,749,34,3,9,1,1,1
47477,805,31,9,2,0,0,0
23654,134,46,2,1,1,0,0
62591,321,46,1,18,0,0,0
55721,2438,63,3,6,1,1,1
58383,434,45,8,4,0,0,0
85240,1046,34,3,2,0,1,1
17023,873,93,4,1,0,0,0
47691,2099,16,7,22,0,0,0
62361,2224,41,1,21,1,0,0
54436,253,28,2,5,0,0,0
74183,966,69,5,13,1,1,1
61048,739,16,6,6,1,1,1
33102,1130,80,3,21,0,1,0
80198,1340,13,0,1,1,0,1
73116,302,23,6,10,0,1,1
26772,1978,56,8,20,1,0,1
4313,2316,49,0,2,0,0,0
10393,551,56,0,8,0,0,0
55960,1479,60,0,7,1,0,0
62607,1316,38,9,10,1,0,1
57234,1588,54,6,17,0,1,1
2200,1823,95,8,0,1,1,1
62097,1825,35,2,14,0,0,0
28272,1165,36,7,3,0,0,0
20232,314,13,8,3,1,1,1
18299,184,26,2,9,0,0,0
36709,1688,82,2,10,1,1,1
43065,713,30,0,17,0,0,0
8116,2176,72,1,22,0,1,0
39879,1311,80,6,14,0,0,0
31981,2434,82,2,2,1,1,1
82694,271,43,6,6,0,0,1
24572,1795,67,4,6,0,0,0
51913,811,47,9,16,1,0,1
36121,2463,56,7,21,0,0,0
54231,198,74,4,19,1,0,0
24187,1080,21,2,23,1,1,1
12928,1227,3,8,15,1,0,1
61710,1645,80,6,15,0,0,0
96764,628,71,4,7,1,0,1
1501,604,45,6,2,0,0,0
85279,1162,58,9,19,1,1,1
15293,1446,33,8,14,0,1,1
92489,1081,10,4,0,1,1,1
44964,1586,30,6,9,1,0,1
20407,2119,10,8,1,1,0,1
19711,911,55,0,6,0,0,0
43891,594,37,3,13,1,0,0
12050,1396,20,0,15,0,0,0
76340,600,93,7,14,0,1,1
77503,514,9,2,6,0,1,1
2845,1896,25,1,12,0,1,0
55343,2132,90,3,9,0,0,0
3966,1067,7,2,8,0,1,0
32345,1958,7,4,8,1,1,1
44824,810,59,7,5,1,0,1
71454,2181,71,9,23,0,1,1
51474,1089,33,7,11,0,0,0
30216,290,15,6,22,1,0,1
81129,2424,12,7,19,1,0,1
93674,769,86,4,19,0,0,0
20547,471,75,9,21,1,0,1
30531,2197,90,9,13,0,1,1
18008,88,21,5,19,1,0,1
29436,2444,95,7,6,1,0,1
41092,790,26,0,7,1,1,1
55450,1665,63,5,7,1,0,1
69661,1310,1,5,7,1,0,1
52055,865,96,4,1,0,1,0
61340,1294,25,3,13,0,1,0
20193,24,91,0,9,1,0,1
6255,1887,82,9,17,0,1,1
46707,311,68,7,17,0,0,0
33587,1485,96,5,17,1,1,1
55768,1232,83,2,15,0,1,0
21063,2486,29,2,19,0,0,0
50224,706,7,5,4,1,0,1
52970,1360,37,6,19,0,0,0
56647,422,60,7,4,1,1,1
64210,1774,80,4,19,1,1,1
53654,2369,64,9,22,0,1,1
21036,947,66,5,9,1,0,1
4526,1187,45,0,16,0,1,0
88939,1835,89,5,12,0,0,1
27706,1565,94,8,16,1,0,1
47932,849,71,9,17,0,1,1
28251,1590,42,3,12,0,1,0
79403,1319,58,9,16,0,1,1
11408,2090,45,0,14,0,1,0
62622,1948,71,8,11,0,1,1
45771,1309,34,3,9,0,0,0
90406,387,38,1,12,0,1,1
94208,2036,91,0,10,1,0,1
2304,1162,50,2,2,0,1,0
92869,2026,3,6,21,1,1,1
87365,716,79,9,9,1,0,1
31231,2479,76,1,10,0,1,0
52528,426,83,8,5,1,1,1
33970,1440,50,1,0,1,0,0
49167,2074,4,4,5,1,0,0
58685,385,54,7,4,0,1,1
21707,56,19,9,6,1,1,1
25068,106,23,7,21,1,1,1
99034,670,35,2,11,1,0,1
12008,376,33,1,11,1,1,1
26523,743,53,8,6,1,1,1
74807,967,33,2,1,1,1,1
78357,308,82,7,0,0,0,1
61315,2139,16,1,22,1,1,1
55935,802,4,2,17,1,0,0
49529,110,88,0,11,0,0,0
82252,1665,17,5,6,0,0,1
38558,340,54,6,18,1,0,1
46269,1589,52,3,21,1,0,0
7759,979,49,0,2,0,1,0
60714,2404,71,2,9,1,0,0
77340,1916,90,8,10,1,1,1
32893,168,78,4,4,0,1,0
46573,557,44,5,1,1,0,1
96862,905,12,3,7,0,0,0
89488,105,15,0,13,1,0,1
97718,2048,85,4,7,1,0,1
88430,2198,83,4,22,0,1,1
55851,146,12,4,5,0,1,0
79015,874,19,5,0,1,0,1
54354,299,65,1,23,1,0,0
7106,1737,98,0,0,1,1,1
74318,646,46,1,7,0,1,1
65444,638,18,9,10,0,0,0
33940,2287,44,5,17,0,1,1
32530,784,36,4,23,0,1,0
23191,897,53,4,9,0,1,0
33083,371,5,5,11,0,0,0
24089,487,13,9,19,1,0,1
75551,2038,3,6,22,0,1,1
19090,2213,85,8,15,0,0,0
90370,1361,54,6,4,0,1,1
80460,192,99,1,15,0,1,1
36181,730,33,5,23,1,0,1
11133,2262,26,8,11,0,0,0
16341,957,6,6,5,1,1,1
6039,381,2,1,4,0,0,0
47662,798,46,2,0,1,0,0
35163,239,96,7,18,0,0,0
76821,1106,1,8,9,0,0,1
27145,1387,79,3,13,0,1,0
44869,2250,24,8,20,0,1,1
47218,1528,59,1,2,1,0,0
84803,1668,78,4,5,1,1,1
21725,37,23,1,4,0,0,0
27176,1997,14,0,16,0,0,0
64905,1426,94,4,17,1,0,0
44705,1491,13,1,11,1,1,1
84665,1225,53,6,4,1,1,1
88609,2023,77,7,8,0,1,1
39221,2442,5,1,11,1,0,0
65201,833,77,6,19,0,1,1
31533,597,80,3,8,0,1,0
43409,2441,17,0,2,1,0,0
67568,700,19,2,0,0,0,0
44354,1647,61,0,21,0,0,0
67393,2019,80,4,14,1,0,0
96358,441,79,7,9,0,1,1
37953,1861,39,0,13,1,1,1
38505,1641,38,8,6,1,0,1
66752,1530,51,2,3,1,0,0
43627,2368,31,4,4,0,0,0
77327,1095,72,8,19,1,0,1
592,568,26,4,15,1,1,1
93518,236,51,8,2,0,0,1
8911,1305,96,9,16,0,0,0
93444,1186,62,7,12,1,1,1
24372,1033,73,6,5,0,0,0
94035,2108,62,0,4,0,0,0
72110,1841,16,3,15,0,0,0
92592,225,48,8,10,0,0,1
47253,1843,99,9,16,0,0,0
54210,582,80,7,4,1,1,1
14079,169,81,3,5,1,1,1
28428,1466,22,0,9,1,1,1
12967,14,97,9,20,0,1,1
59334,2212,71,3,0,0,0,0
25951,1444,12,2,20,1,0,0
31379,1871,22,5,9,1,0,1
96163,1544,56,4,16,1,0,1
73502,1690,61,4,2,0,0,0
15549,1572,53,1,1,1,0,0
76321,1052,19,2,16,0,1,1
89180,1732,85,5,3,1,0,1
5551,446,51,1,1,1,0,0
87278,716,22,3,4,0,1,1
41416,819,34,1,9,0,1,0
63164,2152,66,8,0,1,0,1
63861,426,33,2,0,1,1,1
38970,1125,32,9,3,1,1,1
96666,1565,45,9,6,0,0,1
30973,850,80,5,13,0,0,0
58727,1546,44,0,13,1,1,1
66255,1130,18,9,17,1,1,1
99286,1703,93,2,1,1,1,1
25472,2002,86,7,0,0,1,1
3742,277,14,4,20,1,1,1
28101,1807,77,7,21,1,1,1
34164,2236,65,1,15,0,0,0
94926,1940,38,6,21,1,0,1
14222,2153,17,8,17,1,1,1
24920,546,69,6,15,0,1,1
68531,2428,58,2,22,0,0,0
55845,110,31,6,21,1,1,1
50181,545,20,7,23,0,0,0
71002,2402,39,0,5,0,1,1
8811,743,91,2,9,0,1,0
85232,2365,26,4,1,0,1,1
18893,1290,1,5,6,0,1,1
8299,1876,96,2,20,0,0,0
76353,1089,79,3,16,0,0,0
36291,333,38,4,2,1,0,0
10311,1537,85,2,19,0,0,0
63169,1157,55,3,11,0,1,0
88996,592,12,4,1,0,0,0
56846,783,55,1,6,0,0,0
21642,540,65,9,16,1,0,1
31412,1559,77,8,18,1,1,1
45342,1520,55,9,11,0,1,1
93883,619,27,7,8,1,1,1
87993,1834,63,5,13,1,1,1
55488,992,70,9,1,1,1,1
27791,2147,81,2,20,1,0,0
78060,2365,63,1,3,1,0,1
84488,2171,55,6,18,0,0,1
22701,1617,40,7,20,0,0,0
18120,1519,99,9,15,0,1,1
8255,522,40,0,21,1,0,0
69219,917,99,5,16,0,1,1
81151,717,3,6,1,1,1,1
36877,2363,56,8,16,0,0,0
19810,1937,29,2,18,0,0,0
24632,560,87,1,7,0,0,0
18701,969,83,4,23,0,0,0
63327,2404,45,9,19,1,0,1
5067,1078,55,0,5,0,1,0
84389,890,30,5,11,0,0,1
20122,793,87,8,22,1,1,1
43563,2313,6,9,17,1,1,1
74771,982,89,8,1,0,0,1
5822,802,76,6,18,0,1,1
27513,43,53,6,23,1,1,1
92872,1610,7,7,9,1,1,1
81150,1778,54,9,2,0,1,1
85967,350,68,1,11,1,1,1
83696,1568,43,5,15,1,0,1
66832,1130,12,4,11,0,0,0
12397,2049,92,4,7,0,0,0
68423,1781,19,2,4,0,1,0
23916,584,77,2,10,1,1,1
40795,432,31,5,9,0,0,0
19802,1933,59,9,2,0,1,1
25342,2101,49,9,22,0,1,1
55941,1349,26,6,8,1,1,1
67812,2195,24,0,11,0,1,0
85763,2031,51,2,5,0,1,1
92864,1190,67,0,18,1,0,1
53674,1163,20,9,15,1,0,1
85844,299,17,2,20,0,1,1
28582,1940,38,4,22,0,0,0
9271,789,14,8,23,0,0,0
99032,850,52,2,13,1,1,1
3796,2226,37,9,3,0,0,0
20158,1378,47,9,17,0,0,0
20413,1178,51,8,9,1,1,1
19249,1950,87,0,17,1,0,0
53621,878,71,5,11,0,1,1
45840,1139,27,8,18,1,0,1
5056,1578,84,4,7,0,0,0
75831,2493,15,9,0,0,0,1
82712,1647,15,1,13,1,0,1
66741,1904,34,4,22,1,1,1
63911,1383,16,0,5,1,1,1
52260,145,72,8,13,1,0,1
51413,2323,98,9,1,0,1,1
63332,1203,51,9,8,1,1,1
15517,1862,92,8,11,1,0,1
24829,1855,81,5,4,0,0,0
30199,1867,11,8,1,0,1,1
98234,1099,82,2,18,0,1,1
30061,1152,47,3,6,1,1,1
12702,1735,21,5,6,0,1,1
9356,568,48,3,9,1,0,0
86220,1814,51,0,16,1,1,1
34781,531,78,6,13,1,1,1
91428,2207,0,4,10,1,1,1
87540,1562,65,7,19,0,0,1
64889,681,63,8,5,0,1,1
43461,2071,7,4,7,0,1,0
64603,1071,85,7,18,0,0,0
34640,729,24,0,18,0,0,0
26636,1730,65,0,23,1,1,1
84800,2192,72,6,23,1,0,1
63143,668,72,5,23,1,1,1
78632,1613,76,4,16,1,1,1
56675,681,69,4,23,0,0,0
2971,973,93,8,23,1,0,1
46102,2133,78,0,17,1,0,0
49912,2464,50,7,11,1,1,1
22726,827,52,1,8,1,0,0
60079,297,14,6,22,1,1,1
76157,1254,49,5,23,1,0,1
66768,2426,70,9,15,0,1,1
99103,2469,74,1,17,0,1,1
80170,2153,37,2,15,1,0,1
89490,1729,39,3,15,1,0,1
43098,2025,65,6,3,1,1,1
63914,330,38,7,22,1,0,1
45707,2487,73,1,21,1,0,0
7912,1156,16,7,6,0,0,0
61944,1891,6,8,0,0,0,0
70193,382,38,6,23,1,0,1
2279,2186,67,0,22,0,0,0
43898,843,34,5,19,1,0,1
74701,2318,50,7,0,1,1,1
8375,396,46,4,7,0,0,0
50674,450,35,1,22,0,1,0
47957,1355,63,4,7,0,0,0
20800,1987,94,7,9,0,1,1
39564,1309,88,1,0,1,1,1
42451,1298,12,0,20,0,0,0
93430,2068,17,3,20,0,0,0
94419,2287,20,3,13,0,0,0
82634,1294,64,8,13,1,0,1
13969,2466,99,2,9,1,1,1
60415,1850,7,3,18,1,1,1
93788,186,47,2,15,0,0,0
21054,1234,84,1,8,0,1,0
31655,1438,42,3,19,0,0,0
63453,253,52,7,15,1,1,1
82290,19,84,0,19,0,0,1
45126,1160,26,7,7,0,1,1
47076,223,18,7,6,1,0,1
80678,3,22,2,10,0,1,1
91602,1260,49,9,20,0,0,1
45195,854,50,9,5,0,0,0
14370,1489,42,5,14,0,1,1
31008,228,98,3,18,1,1,1
15623,1678,50,0,13,1,1,1
62533,499,68,0,14,1,1,1
47168,1886,40,4,5,0,1,0
20091,2016,71,7,23,0,0,0
10875,1163,10,0,9,1,1,1
77901,1300,79,1,13,0,1,1
85095,2339,87,6,15,1,1,1
61350,1077,84,7,12,1,1,1
16773,715,51,2,10,0,0,0
27156,948,22,7,2,1,0,1
6714,870,48,0,7,1,0,0
7515,1071,37,8,2,1,0,1
88791,94,46,1,1,1,1,1
43984,560,71,1,20,1,0,0
17064,1776,6,3,13,1,0,0
37826,2261,65,9,19,0,1,1
37144,436,93,2,20,1,1,1
57249,852,76,3,21,1,1,1
37644,205,61,5,14,0,1,1
50076,2429,86,6,2,0,1,1
32352,1100,28,4,0,1,1,1
3932,77,37,1,14,0,0,0
90911,816,83,2,19,0,0,0
80537,768,32,9,21,1,1,1
34248,2458,28,2,1,0,0,0
61340,106,78,4,17,1,1,1
88554,2136,22,4,0,1,1,1
85176,1747,2,3,8,1,0,1
77216,1466,92,7,2,1,0,1
53559,245,44,5,1,0,0,0
38502,1406,7,5,3,1,0,1
57827,982,85,0,15,0,0,0
38678,1737,28,5,21,0,1,1
90553,142,1,2,0,1,0,1
22418,893,49,5,8,1,0,1
75815,1392,64,9,7,0,1,1
77887,2400,19,5,5,1,0,1
85129,545,51,1,19,1,0,1
20566,2200,84,0,17,1,0,0
95842,1470,36,2,15,0,0,0
45575,763,71,4,7,0,0,0
60242,624,26,3,22,0,1,0
85260,656,46,6,3,0,0,1
26664,2498,98,3,2,1,0,0
22512,1248,5,7,14,1,1,1
93626,43,59,6,5,0,0,1
51101,2312,44,9,0,0,1,1
57749,1027,43,8,17,0,1,1
61057,1661,82,0,22,0,1,0
35617,1292,17,4,10,0,0,0
13256,596,64,3,2,1,0,0
23164,1013,24,5,12,0,0,0
25811,2225,26,0,16,0,0,0
30206,2111,6,5,17,1,1,1
65558,958,43,0,13,1,1,1
16689,561,28,0,6,1,1,1
89372,1331,94,7,6,0,0,1
86611,1313,43,1,13,1,1,1
7314,1822,35,9,23,0,0,0
96217,1551,18,5,14,0,1,1
85831,850,5,5,11,1,1,1
27227,1279,24,5,11,0,1,1
5241,1534,30,7,7,0,0,0
28984,1815,8,3,15,1,1,1
90521,1742,83,2,8,1,1,1
2808,606,73,5,1,1,0,1
18475,1487,36,3,13,1,1,1
15188,1295,26,1,23,1,1,1
57715,746,12,5,23,1,0,1
45146,558,40,9,15,1,0,1
10114,2112,65,4,4,1,0,0
64525,942,84,8,4,1,0,1
3373,2297,96,5,19,1,1,1
47235,1270,23,2,20,0,1,0
30981,940,43,4,17,0,0,0
97122,1611,97,9,17,0,1,1
78177,2205,59,7,4,1,1,1
8812,1726,8,8,10,0,0,0
74804,985,1,7,12,0,1,1
52974,1588,55,2,2,0,1,0
69187,1337,29,8,16,0,1,1
12397,1875,21,2,17,0,0,0
27228,662,74,7,13,1,1,1
68468,33,80,9,11,1,1,1
94119,1817,99,8,13,1,1,1
87699,2121,12,6,17,0,0,1
88599,1890,70,3,19,0,0,0
79058,1157,15,9,1,1,1,1
33020,61,96,8,6,1,1,1
11256,1544,44,2,14,1,0,0
11208,272,64,2,9,0,0,0
31945,2294,10,1,14,1,0,0
2900,1200,69,9,16,1,0,1
42812,1807,19,2,10,1,1,1
2710,1155,98,0,1,1,0,0
77703,1126,62,3,20,1,0,1
33972,310,89,7,17,0,0,0
10828,1316,11,4,3,0,0,0
95202,1746,61,1,8,1,1,1
95419,338,93,2,16,0,1,1
20683,10,91,0,16,1,1,1
85874,49,90,1,16,1,1,1
7363,1511,41,0,15,0,0,0
67550,1345,82,1,19,0,1,0
89385,731,68,2,7,0,1,1
19556,795,57,0,22,0,0,0
91218,1649,4,8,14,1,1,1
66042,133,26,9,0,0,1,1
13789,2131,27,4,18,1,1,1
33034,2105,25,7,14,1,0,1
33376,376,90,4,8,1,0,0
19973,2397,48,7,4,1,0,1
13150,271,20,6,15,1,1,1
66316,1507,0,3,12,0,0,0
84544,2159,91,6,15,1,0,1
84140,76,57,5,21,0,1,1
21744,1957,78,2,10,1,0,0
62121,1667,54,8,12,0,1,1
37225,329,80,9,5,0,1,1
66999,2170,25,8,19,1,0,1
42391,41,83,4,16,1,1,1
35160,1191,24,7,4,0,1,1
1638,2327,76,6,16,1,1,1
36276,2057,32,8,0,1,0,1
41620,13,88,6,4,0,1,1
25775,924,71,3,4,0,0,0
18387,1843,68,3,6,1,0,0
274,1233,5,7,15,1,1,1
92368,1215,22,5,17,1,1,1
35098,653,29,8,5,1,1,1
53412,1704,77,9,1,0,1,1
12212,621,53,6,12,0,1,1
75325,1963,86,6,9,1,0,1
44914,1646,10,3,20,0,0,0
85191,2244,30,2,19,0,1,1
50819,417,5,7,10,0,0,0
34019,664,10,6,20,0,0,0
73255,1779,76,3,1,0,0,0
71669,1380,11,3,7,0,1,1
41428,148,65,0,23,0,0,0
70582,2046,52,6,21,1,0,1
24718,1389,98,0,18,1,0,0
34775,2412,35,9,19,0,1,1
19019,1726,16,9,16,0,0,0
4273,402,27,3,15,0,1,0
26500,1516,91,2,9,0,0,0
50545,2032,21,2,4,0,1,0
70405,229,6,0,13,1,0,1
37664,1599,14,3,23,0,1,0
45914,268,95,0,18,1,0,0
79847,1429,10,7,3,1,1,1
88891,1817,23,0,19,0,1,1
28062,1035,66,5,15,0,0,0
84992,1344,29,6,23,0,0,1
85942,126,69,9,14,1,1,1
70633,2354,65,1,8,1,1,1
56284,1726,60,3,2,1,0,0
83012,1113,77,2,22,0,1,1
10678,1376,40,8,8,0,0,0
18724,689,81,6,17,0,0,0
39294,1281,50,1,3,0,1,0
489,1233,43,5,18,0,0,0
99403,281,94,8,23,0,1,1
67491,443,12,2,3,1,0,0
13894,1864,89,5,8,1,0,1
58102,837,11,2,0,0,0,0
35631,389,81,2,0,0,0,0
52915,617,8,3,19,1,0,0
5086,147,84,8,18,1,0,1
32398,521,47,7,2,1,0,1
1581,630,48,0,9,0,0,0
56508,2482,52,0,11,1,0,0
69367,2192,55,6,17,1,0,1
16935,289,39,2,13,1,0,0
27898,1410,23,6,9,1,0,1
91749,14,97,8,9,1,1,1
64987,257,71,2,17,0,1,0
19577,1722,32,2,23,0,0,0
17366,1424,22,1,0,1,0,0
86428,1231,76,9,14,0,1,1
86088,858,53,0,7,0,0,0
43626,1196,52,8,2,1,0,1
11989,464,48,5,17,0,0,0
24435,270,77,5,8,0,1,1
11354,1245,77,7,15,1,0,1
86710,1207,79,4,20,1,1,1
11542,72,48,8,14,0,1,1
46389,1307,59,4,4,0,0,0
53847,2122,89,1,12,0,1,0
37427,2403,89,5,21,1,1,1
16299,1751,64,8,19,0,1,1
72927,497,31,2,6,0,0,0
212,988,78,9,15,1,0,1
87151,910,20,3,6,0,1,1
19681,373,17,9,21,1,0,1
59822,362,93,7,15,0,1,1
92136,2141,59,5,12,1,0,1
97662,1345,12,6,16,0,0,1
16623,324,23,6,8,0,1,1
67060,2432,29,3,11,1,0,0
19652,575,1,5,12,1,1,1
10908,736,82,8,8,1,0,1
72625,2394,24,2,4,1,1,1
23720,1216,49,7,6,1,0,1
987,1696,13,6,0,1,1,1
31902,1908,5,3,3,1,0,0
85124,719,75,9,3,0,0,1
95649,781,83,2,15,0,1,1
82038,1020,86,6,4,0,0,1
86841,1404,29,9,21,0,1,1
26149,1427,29,8,3,0,0,0
77889,664,37,9,5,0,1,1
84626,1773,57,2,22,0,1,1
7946,11,93,9,2,1,1,1
90663,2235,40,8,7,0,1,1
46320,1039,93,7,16,1,1,1
46263,2459,56,2,17,0,1,0
3865,585,35,7,17,1,1,1
81586,1076,63,3,11,0,1,1
45370,1375,97,5,0,0,0,0
75377,1452,15,9,22,0,0,1
88378,1855,87,1,11,0,0,0
90339,1790,77,7,10,1,0,1
23031,743,89,8,12,0,1,1
89216,1777,71,6,2,1,1,1
55733,204,13,7,7,0,0,0
80802,1077,30,6,2,0,0,1
52013,974,65,9,16,0,1,1
94876,1399,67,3,12,0,0,0
26091,1866,64,0,9,1,1,1
54945,1300,54,2,16,1,0,0
98605,1055,83,6,2,1,1,1
55412,1159,77,6,12,0,1,1
10661,105,39,2,21,0,0,0
17001,253,24,0,5,0,0,0
95656,295,24,9,13,0,1,1
62975,1182,2,8,9,1,0,1
26017,549,68,5,19,1,0,1
62220,1778,25,6,15,1,1,1
2088,299,39,0,17,0,0,0
14356,1749,37,0,12,1,0,0
87828,1844,37,3,9,0,1,1
28330,101,67,6,5,1,1,1
59878,2380,6,7,9,1,1,1
45933,1775,93,9,4,1,0,1
22725,2441,29,8,5,1,1,1
32188,874,18,0,6,0,0,0
79750,2429,34,3,10,0,0,0
41267,92,32,3,15,1,0,0
71391,447,32,2,11,1,0,1
65403,109,77,6,11,0,1,1
76461,317,37,0,22,1,0,1
88329,1836,9,8,19,1,0,1
4217,1944,56,7,4,1,0,1
90365,1459,27,1,15,0,1,1
97818,442,77,1,5,0,1,1
60810,2266,99,7,8,1,1,1
94526,1246,37,0,4,1,0,1
94976,1552,15,6,20,0,0,1
67154,278,20,8,22,0,1,1
31049,569,91,2,15,0,1,0
22647,1010,96,6,17,0,0,0
81982,839,5,5,18,0,1,1
68236,1608,40,6,11,0,0,0
64719,30,14,6,1,0,1,1
61942,2407,2,9,9,0,0,0
94903,1943,42,0,11,1,0,1
27090,2134,46,2,13,1,0,0
16293,1258,98,9,17,0,1,1
30209,2361,13,0,18,1,1,1
19333,365,65,4,5,0,0,0
81830,1801,28,2,4,1,1,1
34610,1823,3,0,15,0,0,0
1406,1863,25,1,13,0,1,0
3949,905,11,9,12,1,1,1
12460,698,1,4,20,1,0,0
94867,2179,16,2,1,1,1,1
45900,1856,34,5,1,1,1,1
37063,351,9,8,11,1,0,1
54430,180,85,5,0,0,0,0
51807,1504,42,1,18,0,0,0
18789,1187,20,1,15,0,0,0
29184,1807,14,7,6,1,1,1
40487,774,34,7,20,0,1,1
74916,510,84,5,6,0,0,1
2742,365,84,9,15,1,1,1
42237,353,84,6,5,0,0,0
79932,1107,59,0,17,1,0,1
55661,1249,43,8,0,1,0,1
62360,412,95,4,0,0,1,0
15538,735,4,8,13,0,1,1
48542,118,72,1,5,1,1,1
3094,482,17,7,5,1,0,1
99675,192,20,6,3,0,0,1
1913,107,71,3,11,0,1,0
93127,382,97,2,17,0,1,1
84481,783,73,3,9,0,1,1
55376,2438,50,3,2,0,1,0
41343,244,40,9,2,1,0,1
63012,468,23,9,7,1,1,1
60372,866,23,7,21,0,1,1
42151,1562,95,3,22,0,0,0
78954,1234,96,4,0,0,1,1
82836,604,37,1,17,0,1,1
65718,1661,43,3,14,0,1,0
2020,1097,56,6,20,1,0,1
77319,2016,58,2,19,1,0,1
76972,1659,33,0,16,0,1,1
81232,1734,74,7,10,0,0,1
2193,1614,94,7,12,0,1,1
13005,860,81,5,19,1,1,1
24451,1880,22,6,9,1,0,1
31081,1277,85,9,12,1,1,1
74003,13,42,1,16,0,0,1
70921,2347,81,4,20,0,0,0
82389,1100,39,6,0,1,0,1
84121,1075,46,8,19,1,1,1
78613,787,40,0,15,0,1,1
19974,149,46,2,15,1,1,1
51031,1755,19,5,20,1,1,1
7774,2170,76,6,2,1,0,1
50616,1304,64,5,1,0,1,1
94674,1180,67,0,5,0,1,1
60786,2424,23,3,10,1,0,0
94951,82,99,5,2,1,0,1
69312,492,35,7,0,0,1,1
2526,2404,44,9,10,0,0,0
90109,2026,1,3,12,1,1,1
68598,925,27,6,4,1,1,1
30043,1297,25,2,17,1,0,0
66495,1604,22,7,14,0,0,0
44916,1597,78,0,17,1,1,1
4238,123,35,3,14,1,1,1
91276,708,90,7,19,1,1,1
76045,2378,5,9,19,1,1,1
4117,991,34,3,19,1,1,1
10551,2371,37,1,6,0,0,0
63056,2041,34,1,16,1,1,1
93963,2481,99,3,7,1,0,1
10378,710,73,3,12,0,0,0
90580,794,93,1,15,0,0,0
43864,712,52,6,9,1,1,1
1234,1718,37,5,13,1,1,1
63043,257,92,2,5,1,0,0
95767,1213,58,7,19,0,0,1
54418,871,42,7,21,0,0,0
60228,1732,3,0,6,0,0,0
88156,809,4,2,5,0,0,0
21969,271,67,4,16,1,1,1
5139,1544,99,1,20,0,0,0
21381,550,44,4,23,1,1,1
10542,1138,79,9,7,0,0,0
73888,568,24,2,11,1,0,1
27686,359,77,8,3,1,1,1
53153,1674,10,0,9,1,1,1
50589,1638,28,3,5,0,0,0
83204,1358,33,9,6,1,1,1
86446,1713,85,5,20,1,1,1
67187,1363,13,8,7,1,0,1
12725,798,23,2,2,0,0,0
34497,1285,58,2,7,1,0,0
58771,887,38,4,14,0,1,0
91885,1759,25,6,20,1,0,1
66997,1223,42,4,0,0,0,0
26249,2259,35,7,12,1,1,1
60130,287,38,4,21,1,0,0
70006,1716,60,6,17,1,1,1
5383,1786,15,5,14,1,1,1
7710,743,58,9,6,0,0,0
43426,1506,95,1,14,1,1,1
15024,2041,5,2,2,1,1,1
76262,1047,97,3,13,1,0,1
969,296,55,4,19,0,1,0
97188,2054,7,8,3,0,0,1
1114,681,93,5,3,0,0,0
10203,1892,26,0,2,1,0,0
82622,795,70,2,4,0,0,0
96107,203,26,6,10,0,0,1
33558,325,88,7,7,0,1,1
90705,2292,45,6,1,1,1,1
82509,327,40,4,15,0,1,1
23348,987,78,9,9,1,0,1
89260,761,24,7,17,0,0,1
43616,1037,85,8,6,0,0,0
29161,907,17,6,4,1,0,1
24270,1404,11,8,6,1,1,1
8124,365,86,0,20,1,1,1
82314,1245,50,8,5,0,0,1
86047,2121,38,2,23,1,0,1
43903,1649,88,5,0,1,0,1
19396,1070,9,7,10,0,1,1
91929,274,93,2,12,1,1,1
92808,2256,73,3,11,1,0,1
86764,1953,97,6,0,0,0,1
18357,1885,76,6,20,0,1,1
12955,124,53,3,14,0,1,0
85278,1353,28,8,0,1,0,1
20125,1692,40,2,2,0,0,0
4558,2108,8,7,14,1,0,1
63710,442,62,7,8,0,1,1
70943,1241,76,3,13,0,0,0
84061,911,36,6,22,0,1,1
49931,1026,13,3,21,1,0,0
43527,1560,72,0,23,1,0,0
93909,1742,71,0,7,1,0,1
38606,1735,38,0,21,1,1,1
5768,626,39,1,3,1,0,0
91570,1691,53,5,19,0,1,1
47295,998,2,9,19,0,0,0
73333,91,54,4,5,0,1,1
24517,2215,32,1,0,0,0,0
82082,207,95,7,17,1,1,1
10851,1089,70,8,5,1,0,1
46318,1912,18,6,13,1,1,1
7452,516,33,8,10,0,1,1
79152,1181,77,3,16,0,0,0
88935,1793,49,6,8,1,1,1
97593,2354,46,4,21,0,1,1
29027,1902,45,4,6,0,0,0
41194,2006,55,2,13,1,1,1
54222,395,56,8,16,0,0,0
29593,1098,82,9,7,1,0,1
92347,187,50,4,15,0,1,1
73639,1598,53,5,11,1,1,1
31807,1592,89,2,11,0,1,0
68914,730,80,9,4,1,1,1
7396,240,27,6,4,1,1,1
25498,141,18,8,13,0,0,0
35942,139,26,8,5,0,0,0
13361,70,47,9,6,1,1,1
76809,385,18,9,22,1,1,1
96085,630,96,4,20,1,1,1
56804,2246,50,6,16,1,1,1
67273,205,6,2,8,1,1,1
31881,1750,28,5,21,0,0,0
13752,568,42,7,12,0,0,0
5203,982,68,7,8,0,0,0
25600,805,93,1,15,0,1,0
35629,1711,57,5,3,0,1,1
18552,882,7,6,1,1,1,1
49493,2036,41,6,12,0,0,0
31274,974,75,2,12,0,0,0
64550,640,41,8,18,1,0,1
35536,1455,12,1,11,1,0,0
47506,325,25,2,3,0,1,0
63159,442,17,1,9,0,1,0
16054,804,41,8,15,1,1,1
82822,2336,50,3,23,0,1,1
12456,226,83,1,18,1,1,1
98599,1088,15,2,7,0,1,1
2287,967,2,3,5,0,0,0
77343,560,90,9,3,0,1,1
35198,714,78,5,6,0,1,1
92571,498,97,4,13,1,1,1
21325,2108,44,2,12,1,1,1
3706,257,21,9,20,0,1,1
57720,577,22,7,4,0,1,1
32928,2287,58,7,8,0,1,1
26589,38,61,6,2,0,1,1
14487,2073,67,2,9,1,0,0
69563,410,53,0,14,1,0,0
71932,461,56,4,19,0,0,0
96080,1441,22,0,20,1,1,1
2691,2405,59,5,16,1,0,1
48616,383,72,6,22,0,1,1
91783,1833,87,4,23,0,0,0
62161,569,84,3,5,0,0,0
66836,1072,54,1,2,1,1,1
81357,433,79,4,17,1,1,1
61853,56,62,8,4,1,1,1
84874,2316,55,3,12,1,1,1
11187,2117,54,1,0,0,0,0
30916,1752,24,5,16,0,0,0
23508,2048,25,7,2,0,1,1
236,902,48,1,18,1,0,0
17513,1625,62,8,20,0,0,0
59600,257,44,6,19,0,0,0
84614,672,72,1,21,1,1,1
56458,490,78,4,11,0,1,0
66297,2097,38,4,7,1,1,1
92889,1683,96,6,7,1,0,1
92520,316,64,4,14,0,1,1
32954,2461,68,5,10,0,1,1
76340,434,55,8,19,1,0,1
90163,1026,8,2,0,0,1,1
16422,1976,69,2,15,0,1,0
7068,1980,27,7,13,1,1,1
27618,1390,44,9,6,0,0,0
52025,420,25,5,5,1,1,1
59948,1597,27,9,20,1,0,1
93522,1585,39,2,3,1,0,1
1800,844,14,1,21,1,0,0
93882,1468,5,1,7,0,0,0
23299,434,26,1,21,0,0,0
44689,1579,37,4,18,0,0,0
32215,2105,67,4,2,1,1,1
62034,964,74,0,3,0,1,0
54416,977,84,1,12,1,0,0
5620,46,63,1,20,1,0,0
36555,1194,29,3,1,0,1,0
86565,417,81,6,10,0,1,1
41705,848,98,2,15,1,1,1
15055,2187,2,4,9,1,0,0
44149,247,61,8,14,1,0,1
14017,230,11,4,9,1,1,1
70393,792,90,8,1,0,0,1
78681,637,29,0,5,0,0,0
65025,2422,84,8,13,0,0,0
70369,738,37,4,1,1,0,1
31054,1089,84,7,9,1,1,1
96771,88,59,4,16,0,0,0
72717,713,37,5,7,0,0,1
41558,1750,14,7,15,0,0,0
89137,1228,17,1,13,1,0,1
21213,1937,51,2,9,1,1,1
90326,1406,28,8,12,1,0,1
44039,601,59,4,0,0,0,0
29445,1500,20,4,9,0,1,0
46413,214,16,8,21,0,0,0
92465,2122,17,9,11,0,0,1
69266,2109,56,2,16,0,0,0
47961,698,36,3,23,0,0,0
97506,1243,59,6,13,1,1,1
49398,2060,37,1,4,0,1,0
47321,2080,11,7,18,0,1,1
45042,1184,74,4,4,1,0,0
3553,1001,83,0,14,1,0,0
55035,237,72,2,12,1,1,1
43470,1205,0,8,16,1,1,1
8428,1482,57,4,0,1,0,0
15634,1104,2,7,13,1,0,1
85380,647,62,0,3,0,0,0
85025,473,20,6,8,0,0,1
36420,112,22,6,16,0,0,0
49270,1846,8,7,2,0,0,0
80301,1655,82,2,12,1,0,1
8740,383,54,0,11,1,0,0
91157,17,18,8,15,0,0,1
30149,493,61,0,3,1,0,0
5718,1897,86,5,17,1,1,1
56153,1510,90,8,22,0,0,0
2020,117,90,1,2,0,0,0
44037,1579,38,3,16,0,0,0
69824,880,99,1,0,0,1,0
12307,2163,75,3,18,0,0,0
65874,1819,26,1,21,0,1,0
33072,1573,45,0,3,0,0,0
10899,1649,33,2,16,0,1,0
71188,644,32,7,6,1,1,1
29016,1360,91,4,1,0,0,0
70563,336,94,3,11,1,1,1
93600,147,95,4,4,0,1,1
76800,122,49,5,15,1,0,1
37258,81,19,5,7,0,0,0
84707,2423,39,4,22,0,0,0
71796,2111,98,5,7,0,0,1
61610,504,94,8,12,0,0,0
58792,668,57,4,13,0,0,0
61844,2497,30,5,10,1,1,1
15910,1445,37,3,5,0,1,0
5226,1346,85,2,15,0,0,0
30109,1190,44,5,22,0,0,0
99220,1621,40,4,21,1,0,1
91032,1981,8,3,14,1,0,1
292,1673,8,4,15,1,1,1
36513,459,62,6,12,1,1,1
12916,1213,78,0,11,1,0,0
39182,464,76,0,17,1,1,1
65148,912,21,0,17,0,1,0
51040,2427,15,1,13,0,0,0
32230,1026,31,8,1,0,0,0
40242,2412,65,4,21,1,1,1
36568,72,89,8,1,0,0,0
30798,1451,13,4,2,0,0,0
10755,1194,37,6,23,1,0,1
47997,1849,97,5,7,0,1,1
30175,2385,7,1,10,0,1,0
9459,2023,99,2,11,0,1,0
42156,2243,20,4,3,1,1,1
51931,1012,55,3,8,1,0,0
59291,653,45,5,23,0,0,0
33372,1299,42,7,16,0,1,1
14771,7,91,7,23,1,1,1
27148,905,45,2,15,1,0,0
76374,2029,47,3,16,1,1,1
26063,616,69,0,14,1,1,1
44054,1874,83,1,19,0,1,0
72409,770,30,8,21,1,1,1
95530,2290,32,9,6,0,1,1
